scenario_id,description,control_phase,comparison_eligible,comparison_status,target_principal,resource,requested_action,ground_truth_facts,baseline_exposed_facts,authoritylens_exposed_facts,baseline_coverage_covered,baseline_coverage_total,baseline_coverage_rate,authoritylens_coverage_covered,authoritylens_coverage_total,authoritylens_coverage_rate,hidden_critical_facts_baseline,hidden_critical_facts_authoritylens
S001_complete_revocation,Complete Revocation: the root Gmail read grant is revoked.,AFTER_ACTION,True,ELIGIBLE_AFTER_ACTION,agent-a,Gmail,revoke,"[{""action"": null, ""authority_source_id"": null, ""delegation_path"": [], ""effect_id"": null, ""path_status"": null, ""principal_id"": null, ""principal_path"": [], ""resource"": ""gmail"", ""scope"": null, ""status"": null, ""type"": ""complete_revocation""}, {""action"": null, ""authority_source_id"": null, ""delegation_path"": [], ""effect_id"": null, ""path_status"": null, ""principal_id"": ""agent-a"", ""principal_path"": [], ""resource"": ""gmail"", ""scope"": null, ""status"": ""off"", ""type"": ""target_permission""}]","[{""action"": null, ""authority_source_id"": null, ""delegation_path"": [], ""effect_id"": null, ""path_status"": null, ""principal_id"": ""agent-a"", ""principal_path"": [], ""resource"": ""gmail"", ""scope"": null, ""status"": ""off"", ""type"": ""target_permission""}]","[{""action"": null, ""authority_source_id"": null, ""delegation_path"": [], ""effect_id"": null, ""path_status"": null, ""principal_id"": null, ""principal_path"": [], ""resource"": ""gmail"", ""scope"": null, ""status"": null, ""type"": ""complete_revocation""}, {""action"": null, ""authority_source_id"": null, ""delegation_path"": [], ""effect_id"": null, ""path_status"": null, ""principal_id"": ""agent-a"", ""principal_path"": [], ""resource"": ""gmail"", ""scope"": null, ""status"": ""off"", ""type"": ""target_permission""}]",1,2,0.5,2,2,1.0,[],[]
S002_single_residual_delegate,Residual Delegation: Agent B keeps an issued read delegation after Agent A is revoked.,AFTER_ACTION,True,ELIGIBLE_AFTER_ACTION,agent-a,Gmail,revoke,"[{""action"": ""read"", ""authority_source_id"": ""g-human-agent-a-gmail.read"", ""delegation_path"": [""d-agent-a-agent-b-gmail.read""], ""effect_id"": null, ""path_status"": ""residual"", ""principal_id"": ""agent-b"", ""principal_path"": [""human"", ""agent-a"", ""agent-b""], ""resource"": ""gmail"", ""scope"": ""gmail.read"", ""status"": null, ""type"": ""residual_capability""}, {""action"": null, ""authority_source_id"": null, ""delegation_path"": [], ""effect_id"": null, ""path_status"": null, ""principal_id"": ""agent-a"", ""principal_path"": [], ""resource"": ""gmail"", ""scope"": null, ""status"": ""off"", ""type"": ""target_permission""}]","[{""action"": null, ""authority_source_id"": null, ""delegation_path"": [], ""effect_id"": null, ""path_status"": null, ""principal_id"": ""agent-a"", ""principal_path"": [], ""resource"": ""gmail"", ""scope"": null, ""status"": ""off"", ""type"": ""target_permission""}]","[{""action"": ""read"", ""authority_source_id"": ""g-human-agent-a-gmail.read"", ""delegation_path"": [""d-agent-a-agent-b-gmail.read""], ""effect_id"": null, ""path_status"": ""residual"", ""principal_id"": ""agent-b"", ""principal_path"": [""human"", ""agent-a"", ""agent-b""], ""resource"": ""gmail"", ""scope"": ""gmail.read"", ""status"": null, ""type"": ""residual_capability""}, {""action"": null, ""authority_source_id"": null, ""delegation_path"": [], ""effect_id"": null, ""path_status"": null, ""principal_id"": ""agent-a"", ""principal_path"": [], ""resource"": ""gmail"", ""scope"": null, ""status"": ""off"", ""type"": ""target_permission""}]",1,2,0.5,2,2,1.0,"[{""action"": ""read"", ""authority_source_id"": ""g-human-agent-a-gmail.read"", ""delegation_path"": [""d-agent-a-agent-b-gmail.read""], ""effect_id"": null, ""path_status"": ""residual"", ""principal_id"": ""agent-b"", ""principal_path"": [""human"", ""agent-a"", ""agent-b""], ""resource"": ""gmail"", ""scope"": ""gmail.read"", ""status"": null, ""type"": ""residual_capability""}]",[]
S003_queued_action,Queued Action: one email is queued before Gmail send authority is revoked.,AFTER_ACTION,True,ELIGIBLE_AFTER_ACTION,agent-a,Gmail,revoke,"[{""action"": ""email.send"", ""authority_source_id"": ""g-human-agent-a-gmail.send"", ""delegation_path"": [], ""effect_id"": ""e-s003_queued_action-email"", ""path_status"": null, ""principal_id"": ""agent-a"", ""principal_path"": [], ""resource"": ""gmail"", ""scope"": ""gmail.send"", ""status"": ""queued"", ""type"": ""pending_effect""}, {""action"": null, ""authority_source_id"": null, ""delegation_path"": [], ""effect_id"": null, ""path_status"": null, ""principal_id"": ""agent-a"", ""principal_path"": [], ""resource"": ""gmail"", ""scope"": null, ""status"": ""off"", ""type"": ""target_permission""}]","[{""action"": null, ""authority_source_id"": null, ""delegation_path"": [], ""effect_id"": null, ""path_status"": null, ""principal_id"": ""agent-a"", ""principal_path"": [], ""resource"": ""gmail"", ""scope"": null, ""status"": ""off"", ""type"": ""target_permission""}]","[{""action"": ""email.send"", ""authority_source_id"": ""g-human-agent-a-gmail.send"", ""delegation_path"": [], ""effect_id"": ""e-s003_queued_action-email"", ""path_status"": null, ""principal_id"": ""agent-a"", ""principal_path"": [], ""resource"": ""gmail"", ""scope"": ""gmail.send"", ""status"": ""queued"", ""type"": ""pending_effect""}, {""action"": null, ""authority_source_id"": null, ""delegation_path"": [], ""effect_id"": null, ""path_status"": null, ""principal_id"": ""agent-a"", ""principal_path"": [], ""resource"": ""gmail"", ""scope"": null, ""status"": ""off"", ""type"": ""target_permission""}]",1,2,0.5,2,2,1.0,"[{""action"": ""email.send"", ""authority_source_id"": ""g-human-agent-a-gmail.send"", ""delegation_path"": [], ""effect_id"": ""e-s003_queued_action-email"", ""path_status"": null, ""principal_id"": ""agent-a"", ""principal_path"": [], ""resource"": ""gmail"", ""scope"": ""gmail.send"", ""status"": ""queued"", ""type"": ""pending_effect""}]",[]
S004_unknown_external_agent,Unknown External Agent: Agent C has unknown status after root revocation.,AFTER_ACTION,True,ELIGIBLE_AFTER_ACTION,agent-a,Gmail,revoke,"[{""action"": null, ""authority_source_id"": null, ""delegation_path"": [], ""effect_id"": null, ""path_status"": null, ""principal_id"": ""agent-a"", ""principal_path"": [], ""resource"": ""gmail"", ""scope"": null, ""status"": ""off"", ""type"": ""target_permission""}, {""action"": ""read"", ""authority_source_id"": ""g-human-agent-a-gmail.read"", ""delegation_path"": [""d-agent-a-external-c-gmail.read""], ""effect_id"": null, ""path_status"": ""uncertain"", ""principal_id"": ""external-c"", ""principal_path"": [""human"", ""agent-a"", ""external-c""], ""resource"": ""gmail"", ""scope"": ""gmail.read"", ""status"": null, ""type"": ""unknown_authority""}]","[{""action"": null, ""authority_source_id"": null, ""delegation_path"": [], ""effect_id"": null, ""path_status"": null, ""principal_id"": ""agent-a"", ""principal_path"": [], ""resource"": ""gmail"", ""scope"": null, ""status"": ""off"", ""type"": ""target_permission""}]","[{""action"": null, ""authority_source_id"": null, ""delegation_path"": [], ""effect_id"": null, ""path_status"": null, ""principal_id"": ""agent-a"", ""principal_path"": [], ""resource"": ""gmail"", ""scope"": null, ""status"": ""off"", ""type"": ""target_permission""}, {""action"": ""read"", ""authority_source_id"": ""g-human-agent-a-gmail.read"", ""delegation_path"": [""d-agent-a-external-c-gmail.read""], ""effect_id"": null, ""path_status"": ""uncertain"", ""principal_id"": ""external-c"", ""principal_path"": [""human"", ""agent-a"", ""external-c""], ""resource"": ""gmail"", ""scope"": ""gmail.read"", ""status"": null, ""type"": ""unknown_authority""}]",1,2,0.5,2,2,1.0,"[{""action"": ""read"", ""authority_source_id"": ""g-human-agent-a-gmail.read"", ""delegation_path"": [""d-agent-a-external-c-gmail.read""], ""effect_id"": null, ""path_status"": ""uncertain"", ""principal_id"": ""external-c"", ""principal_path"": [""human"", ""agent-a"", ""external-c""], ""resource"": ""gmail"", ""scope"": ""gmail.read"", ""status"": null, ""type"": ""unknown_authority""}]",[]
S005_direct_active_read,Agent A currently has a clean direct gmail.read grant.,BEFORE_ACTION,False,INELIGIBLE_BEFORE_ACTION,agent-a,Gmail,revoke,"[{""action"": ""read"", ""authority_source_id"": ""g-human-agent-a-gmail.read"", ""delegation_path"": [], ""effect_id"": null, ""path_status"": ""clean"", ""principal_id"": ""agent-a"", ""principal_path"": [""human"", ""agent-a""], ""resource"": ""gmail"", ""scope"": ""gmail.read"", ""status"": null, ""type"": ""active_capability""}, {""action"": null, ""authority_source_id"": null, ""delegation_path"": [], ""effect_id"": null, ""path_status"": null, ""principal_id"": ""agent-a"", ""principal_path"": [], ""resource"": ""gmail"", ""scope"": null, ""status"": ""on"", ""type"": ""target_permission""}]",[],[],0,0,N/A,0,0,N/A,[],[]
S006_direct_active_send,Agent A currently has a clean direct gmail.send grant.,BEFORE_ACTION,False,INELIGIBLE_BEFORE_ACTION,agent-a,Gmail,revoke,"[{""action"": ""send"", ""authority_source_id"": ""g-human-agent-a-gmail.send"", ""delegation_path"": [], ""effect_id"": null, ""path_status"": ""clean"", ""principal_id"": ""agent-a"", ""principal_path"": [""human"", ""agent-a""], ""resource"": ""gmail"", ""scope"": ""gmail.send"", ""status"": null, ""type"": ""active_capability""}, {""action"": null, ""authority_source_id"": null, ""delegation_path"": [], ""effect_id"": null, ""path_status"": null, ""principal_id"": ""agent-a"", ""principal_path"": [], ""resource"": ""gmail"", ""scope"": null, ""status"": ""on"", ""type"": ""target_permission""}]",[],[],0,0,N/A,0,0,N/A,[],[]
S007_clean_chain_depth1_read,A clean delegation chain of depth 1 carries gmail.read.,BEFORE_ACTION,False,INELIGIBLE_BEFORE_ACTION,agent-a,Gmail,revoke,"[{""action"": ""read"", ""authority_source_id"": ""g-human-agent-a-gmail.read"", ""delegation_path"": [], ""effect_id"": null, ""path_status"": ""clean"", ""principal_id"": ""agent-a"", ""principal_path"": [""human"", ""agent-a""], ""resource"": ""gmail"", ""scope"": ""gmail.read"", ""status"": null, ""type"": ""active_capability""}, {""action"": ""read"", ""authority_source_id"": ""g-human-agent-a-gmail.read"", ""delegation_path"": [""d-agent-a-agent-b-gmail.read""], ""effect_id"": null, ""path_status"": ""clean"", ""principal_id"": ""agent-b"", ""principal_path"": [""human"", ""agent-a"", ""agent-b""], ""resource"": ""gmail"", ""scope"": ""gmail.read"", ""status"": null, ""type"": ""active_capability""}, {""action"": null, ""authority_source_id"": null, ""delegation_path"": [], ""effect_id"": null, ""path_status"": null, ""principal_id"": ""agent-a"", ""principal_path"": [], ""resource"": ""gmail"", ""scope"": null, ""status"": ""on"", ""type"": ""target_permission""}]",[],[],0,0,N/A,0,0,N/A,[],[]
S008_clean_chain_depth1_send,A clean delegation chain of depth 1 carries gmail.send.,BEFORE_ACTION,False,INELIGIBLE_BEFORE_ACTION,agent-a,Gmail,revoke,"[{""action"": ""send"", ""authority_source_id"": ""g-human-agent-a-gmail.send"", ""delegation_path"": [], ""effect_id"": null, ""path_status"": ""clean"", ""principal_id"": ""agent-a"", ""principal_path"": [""human"", ""agent-a""], ""resource"": ""gmail"", ""scope"": ""gmail.send"", ""status"": null, ""type"": ""active_capability""}, {""action"": ""send"", ""authority_source_id"": ""g-human-agent-a-gmail.send"", ""delegation_path"": [""d-agent-a-agent-b-gmail.send""], ""effect_id"": null, ""path_status"": ""clean"", ""principal_id"": ""agent-b"", ""principal_path"": [""human"", ""agent-a"", ""agent-b""], ""resource"": ""gmail"", ""scope"": ""gmail.send"", ""status"": null, ""type"": ""active_capability""}, {""action"": null, ""authority_source_id"": null, ""delegation_path"": [], ""effect_id"": null, ""path_status"": null, ""principal_id"": ""agent-a"", ""principal_path"": [], ""resource"": ""gmail"", ""scope"": null, ""status"": ""on"", ""type"": ""target_permission""}]",[],[],0,0,N/A,0,0,N/A,[],[]
S009_clean_chain_depth2_read,A clean delegation chain of depth 2 carries gmail.read.,BEFORE_ACTION,False,INELIGIBLE_BEFORE_ACTION,agent-a,Gmail,revoke,"[{""action"": ""read"", ""authority_source_id"": ""g-human-agent-a-gmail.read"", ""delegation_path"": [], ""effect_id"": null, ""path_status"": ""clean"", ""principal_id"": ""agent-a"", ""principal_path"": [""human"", ""agent-a""], ""resource"": ""gmail"", ""scope"": ""gmail.read"", ""status"": null, ""type"": ""active_capability""}, {""action"": ""read"", ""authority_source_id"": ""g-human-agent-a-gmail.read"", ""delegation_path"": [""d-agent-a-agent-b-gmail.read""], ""effect_id"": null, ""path_status"": ""clean"", ""principal_id"": ""agent-b"", ""principal_path"": [""human"", ""agent-a"", ""agent-b""], ""resource"": ""gmail"", ""scope"": ""gmail.read"", ""status"": null, ""type"": ""active_capability""}, {""action"": ""read"", ""authority_source_id"": ""g-human-agent-a-gmail.read"", ""delegation_path"": [""d-agent-a-agent-b-gmail.read"", ""d-agent-b-agent-c-gmail.read""], ""effect_id"": null, ""path_status"": ""clean"", ""principal_id"": ""agent-c"", ""principal_path"": [""human"", ""agent-a"", ""agent-b"", ""agent-c""], ""resource"": ""gmail"", ""scope"": ""gmail.read"", ""status"": null, ""type"": ""active_capability""}, {""action"": null, ""authority_source_id"": null, ""delegation_path"": [], ""effect_id"": null, ""path_status"": null, ""principal_id"": ""agent-a"", ""principal_path"": [], ""resource"": ""gmail"", ""scope"": null, ""status"": ""on"", ""type"": ""target_permission""}]",[],[],0,0,N/A,0,0,N/A,[],[]
S010_clean_chain_depth2_send,A clean delegation chain of depth 2 carries gmail.send.,BEFORE_ACTION,False,INELIGIBLE_BEFORE_ACTION,agent-a,Gmail,revoke,"[{""action"": ""send"", ""authority_source_id"": ""g-human-agent-a-gmail.send"", ""delegation_path"": [], ""effect_id"": null, ""path_status"": ""clean"", ""principal_id"": ""agent-a"", ""principal_path"": [""human"", ""agent-a""], ""resource"": ""gmail"", ""scope"": ""gmail.send"", ""status"": null, ""type"": ""active_capability""}, {""action"": ""send"", ""authority_source_id"": ""g-human-agent-a-gmail.send"", ""delegation_path"": [""d-agent-a-agent-b-gmail.send""], ""effect_id"": null, ""path_status"": ""clean"", ""principal_id"": ""agent-b"", ""principal_path"": [""human"", ""agent-a"", ""agent-b""], ""resource"": ""gmail"", ""scope"": ""gmail.send"", ""status"": null, ""type"": ""active_capability""}, {""action"": ""send"", ""authority_source_id"": ""g-human-agent-a-gmail.send"", ""delegation_path"": [""d-agent-a-agent-b-gmail.send"", ""d-agent-b-agent-c-gmail.send""], ""effect_id"": null, ""path_status"": ""clean"", ""principal_id"": ""agent-c"", ""principal_path"": [""human"", ""agent-a"", ""agent-b"", ""agent-c""], ""resource"": ""gmail"", ""scope"": ""gmail.send"", ""status"": null, ""type"": ""active_capability""}, {""action"": null, ""authority_source_id"": null, ""delegation_path"": [], ""effect_id"": null, ""path_status"": null, ""principal_id"": ""agent-a"", ""principal_path"": [], ""resource"": ""gmail"", ""scope"": null, ""status"": ""on"", ""type"": ""target_permission""}]",[],[],0,0,N/A,0,0,N/A,[],[]
S011_clean_chain_depth3_read,A clean delegation chain of depth 3 carries gmail.read.,BEFORE_ACTION,False,INELIGIBLE_BEFORE_ACTION,agent-a,Gmail,revoke,"[{""action"": ""read"", ""authority_source_id"": ""g-human-agent-a-gmail.read"", ""delegation_path"": [], ""effect_id"": null, ""path_status"": ""clean"", ""principal_id"": ""agent-a"", ""principal_path"": [""human"", ""agent-a""], ""resource"": ""gmail"", ""scope"": ""gmail.read"", ""status"": null, ""type"": ""active_capability""}, {""action"": ""read"", ""authority_source_id"": ""g-human-agent-a-gmail.read"", ""delegation_path"": [""d-agent-a-agent-b-gmail.read""], ""effect_id"": null, ""path_status"": ""clean"", ""principal_id"": ""agent-b"", ""principal_path"": [""human"", ""agent-a"", ""agent-b""], ""resource"": ""gmail"", ""scope"": ""gmail.read"", ""status"": null, ""type"": ""active_capability""}, {""action"": ""read"", ""authority_source_id"": ""g-human-agent-a-gmail.read"", ""delegation_path"": [""d-agent-a-agent-b-gmail.read"", ""d-agent-b-agent-c-gmail.read""], ""effect_id"": null, ""path_status"": ""clean"", ""principal_id"": ""agent-c"", ""principal_path"": [""human"", ""agent-a"", ""agent-b"", ""agent-c""], ""resource"": ""gmail"", ""scope"": ""gmail.read"", ""status"": null, ""type"": ""active_capability""}, {""action"": ""read"", ""authority_source_id"": ""g-human-agent-a-gmail.read"", ""delegation_path"": [""d-agent-a-agent-b-gmail.read"", ""d-agent-b-agent-c-gmail.read"", ""d-agent-c-agent-d-gmail.read""], ""effect_id"": null, ""path_status"": ""clean"", ""principal_id"": ""agent-d"", ""principal_path"": [""human"", ""agent-a"", ""agent-b"", ""agent-c"", ""agent-d""], ""resource"": ""gmail"", ""scope"": ""gmail.read"", ""status"": null, ""type"": ""active_capability""}, {""action"": null, ""authority_source_id"": null, ""delegation_path"": [], ""effect_id"": null, ""path_status"": null, ""principal_id"": ""agent-a"", ""principal_path"": [], ""resource"": ""gmail"", ""scope"": null, ""status"": ""on"", ""type"": ""target_permission""}]",[],[],0,0,N/A,0,0,N/A,[],[]
S012_clean_chain_depth3_send,A clean delegation chain of depth 3 carries gmail.send.,BEFORE_ACTION,False,INELIGIBLE_BEFORE_ACTION,agent-a,Gmail,revoke,"[{""action"": ""send"", ""authority_source_id"": ""g-human-agent-a-gmail.send"", ""delegation_path"": [], ""effect_id"": null, ""path_status"": ""clean"", ""principal_id"": ""agent-a"", ""principal_path"": [""human"", ""agent-a""], ""resource"": ""gmail"", ""scope"": ""gmail.send"", ""status"": null, ""type"": ""active_capability""}, {""action"": ""send"", ""authority_source_id"": ""g-human-agent-a-gmail.send"", ""delegation_path"": [""d-agent-a-agent-b-gmail.send""], ""effect_id"": null, ""path_status"": ""clean"", ""principal_id"": ""agent-b"", ""principal_path"": [""human"", ""agent-a"", ""agent-b""], ""resource"": ""gmail"", ""scope"": ""gmail.send"", ""status"": null, ""type"": ""active_capability""}, {""action"": ""send"", ""authority_source_id"": ""g-human-agent-a-gmail.send"", ""delegation_path"": [""d-agent-a-agent-b-gmail.send"", ""d-agent-b-agent-c-gmail.send""], ""effect_id"": null, ""path_status"": ""clean"", ""principal_id"": ""agent-c"", ""principal_path"": [""human"", ""agent-a"", ""agent-b"", ""agent-c""], ""resource"": ""gmail"", ""scope"": ""gmail.send"", ""status"": null, ""type"": ""active_capability""}, {""action"": ""send"", ""authority_source_id"": ""g-human-agent-a-gmail.send"", ""delegation_path"": [""d-agent-a-agent-b-gmail.send"", ""d-agent-b-agent-c-gmail.send"", ""d-agent-c-agent-d-gmail.send""], ""effect_id"": null, ""path_status"": ""clean"", ""principal_id"": ""agent-d"", ""principal_path"": [""human"", ""agent-a"", ""agent-b"", ""agent-c"", ""agent-d""], ""resource"": ""gmail"", ""scope"": ""gmail.send"", ""status"": null, ""type"": ""active_capability""}, {""action"": null, ""authority_source_id"": null, ""delegation_path"": [], ""effect_id"": null, ""path_status"": null, ""principal_id"": ""agent-a"", ""principal_path"": [], ""resource"": ""gmail"", ""scope"": null, ""status"": ""on"", ""type"": ""target_permission""}]",[],[],0,0,N/A,0,0,N/A,[],[]
S013_root_revoked_depth1_send,The root grant is revoked on a depth 1 gmail.send chain.,AFTER_ACTION,True,ELIGIBLE_AFTER_ACTION,agent-a,Gmail,revoke,"[{""action"": ""send"", ""authority_source_id"": ""g-human-agent-a-gmail.send"", ""delegation_path"": [""d-agent-a-agent-b-gmail.send""], ""effect_id"": null, ""path_status"": ""residual"", ""principal_id"": ""agent-b"", ""principal_path"": [""human"", ""agent-a"", ""agent-b""], ""resource"": ""gmail"", ""scope"": ""gmail.send"", ""status"": null, ""type"": ""residual_capability""}, {""action"": null, ""authority_source_id"": null, ""delegation_path"": [], ""effect_id"": null, ""path_status"": null, ""principal_id"": ""agent-a"", ""principal_path"": [], ""resource"": ""gmail"", ""scope"": null, ""status"": ""off"", ""type"": ""target_permission""}]","[{""action"": null, ""authority_source_id"": null, ""delegation_path"": [], ""effect_id"": null, ""path_status"": null, ""principal_id"": ""agent-a"", ""principal_path"": [], ""resource"": ""gmail"", ""scope"": null, ""status"": ""off"", ""type"": ""target_permission""}]","[{""action"": ""send"", ""authority_source_id"": ""g-human-agent-a-gmail.send"", ""delegation_path"": [""d-agent-a-agent-b-gmail.send""], ""effect_id"": null, ""path_status"": ""residual"", ""principal_id"": ""agent-b"", ""principal_path"": [""human"", ""agent-a"", ""agent-b""], ""resource"": ""gmail"", ""scope"": ""gmail.send"", ""status"": null, ""type"": ""residual_capability""}, {""action"": null, ""authority_source_id"": null, ""delegation_path"": [], ""effect_id"": null, ""path_status"": null, ""principal_id"": ""agent-a"", ""principal_path"": [], ""resource"": ""gmail"", ""scope"": null, ""status"": ""off"", ""type"": ""target_permission""}]",1,2,0.5,2,2,1.0,"[{""action"": ""send"", ""authority_source_id"": ""g-human-agent-a-gmail.send"", ""delegation_path"": [""d-agent-a-agent-b-gmail.send""], ""effect_id"": null, ""path_status"": ""residual"", ""principal_id"": ""agent-b"", ""principal_path"": [""human"", ""agent-a"", ""agent-b""], ""resource"": ""gmail"", ""scope"": ""gmail.send"", ""status"": null, ""type"": ""residual_capability""}]",[]
S014_root_revoked_depth2_read,The root grant is revoked on a depth 2 gmail.read chain.,AFTER_ACTION,True,ELIGIBLE_AFTER_ACTION,agent-a,Gmail,revoke,"[{""action"": ""read"", ""authority_source_id"": ""g-human-agent-a-gmail.read"", ""delegation_path"": [""d-agent-a-agent-b-gmail.read""], ""effect_id"": null, ""path_status"": ""residual"", ""principal_id"": ""agent-b"", ""principal_path"": [""human"", ""agent-a"", ""agent-b""], ""resource"": ""gmail"", ""scope"": ""gmail.read"", ""status"": null, ""type"": ""residual_capability""}, {""action"": ""read"", ""authority_source_id"": ""g-human-agent-a-gmail.read"", ""delegation_path"": [""d-agent-a-agent-b-gmail.read"", ""d-agent-b-agent-c-gmail.read""], ""effect_id"": null, ""path_status"": ""residual"", ""principal_id"": ""agent-c"", ""principal_path"": [""human"", ""agent-a"", ""agent-b"", ""agent-c""], ""resource"": ""gmail"", ""scope"": ""gmail.read"", ""status"": null, ""type"": ""residual_capability""}, {""action"": null, ""authority_source_id"": null, ""delegation_path"": [], ""effect_id"": null, ""path_status"": null, ""principal_id"": ""agent-a"", ""principal_path"": [], ""resource"": ""gmail"", ""scope"": null, ""status"": ""off"", ""type"": ""target_permission""}]","[{""action"": null, ""authority_source_id"": null, ""delegation_path"": [], ""effect_id"": null, ""path_status"": null, ""principal_id"": ""agent-a"", ""principal_path"": [], ""resource"": ""gmail"", ""scope"": null, ""status"": ""off"", ""type"": ""target_permission""}]","[{""action"": ""read"", ""authority_source_id"": ""g-human-agent-a-gmail.read"", ""delegation_path"": [""d-agent-a-agent-b-gmail.read""], ""effect_id"": null, ""path_status"": ""residual"", ""principal_id"": ""agent-b"", ""principal_path"": [""human"", ""agent-a"", ""agent-b""], ""resource"": ""gmail"", ""scope"": ""gmail.read"", ""status"": null, ""type"": ""residual_capability""}, {""action"": ""read"", ""authority_source_id"": ""g-human-agent-a-gmail.read"", ""delegation_path"": [""d-agent-a-agent-b-gmail.read"", ""d-agent-b-agent-c-gmail.read""], ""effect_id"": null, ""path_status"": ""residual"", ""principal_id"": ""agent-c"", ""principal_path"": [""human"", ""agent-a"", ""agent-b"", ""agent-c""], ""resource"": ""gmail"", ""scope"": ""gmail.read"", ""status"": null, ""type"": ""residual_capability""}, {""action"": null, ""authority_source_id"": null, ""delegation_path"": [], ""effect_id"": null, ""path_status"": null, ""principal_id"": ""agent-a"", ""principal_path"": [], ""resource"": ""gmail"", ""scope"": null, ""status"": ""off"", ""type"": ""target_permission""}]",1,3,0.3333333333333333,3,3,1.0,"[{""action"": ""read"", ""authority_source_id"": ""g-human-agent-a-gmail.read"", ""delegation_path"": [""d-agent-a-agent-b-gmail.read""], ""effect_id"": null, ""path_status"": ""residual"", ""principal_id"": ""agent-b"", ""principal_path"": [""human"", ""agent-a"", ""agent-b""], ""resource"": ""gmail"", ""scope"": ""gmail.read"", ""status"": null, ""type"": ""residual_capability""}, {""action"": ""read"", ""authority_source_id"": ""g-human-agent-a-gmail.read"", ""delegation_path"": [""d-agent-a-agent-b-gmail.read"", ""d-agent-b-agent-c-gmail.read""], ""effect_id"": null, ""path_status"": ""residual"", ""principal_id"": ""agent-c"", ""principal_path"": [""human"", ""agent-a"", ""agent-b"", ""agent-c""], ""resource"": ""gmail"", ""scope"": ""gmail.read"", ""status"": null, ""type"": ""residual_capability""}]",[]
S015_root_revoked_depth2_send,The root grant is revoked on a depth 2 gmail.send chain.,AFTER_ACTION,True,ELIGIBLE_AFTER_ACTION,agent-a,Gmail,revoke,"[{""action"": ""send"", ""authority_source_id"": ""g-human-agent-a-gmail.send"", ""delegation_path"": [""d-agent-a-agent-b-gmail.send""], ""effect_id"": null, ""path_status"": ""residual"", ""principal_id"": ""agent-b"", ""principal_path"": [""human"", ""agent-a"", ""agent-b""], ""resource"": ""gmail"", ""scope"": ""gmail.send"", ""status"": null, ""type"": ""residual_capability""}, {""action"": ""send"", ""authority_source_id"": ""g-human-agent-a-gmail.send"", ""delegation_path"": [""d-agent-a-agent-b-gmail.send"", ""d-agent-b-agent-c-gmail.send""], ""effect_id"": null, ""path_status"": ""residual"", ""principal_id"": ""agent-c"", ""principal_path"": [""human"", ""agent-a"", ""agent-b"", ""agent-c""], ""resource"": ""gmail"", ""scope"": ""gmail.send"", ""status"": null, ""type"": ""residual_capability""}, {""action"": null, ""authority_source_id"": null, ""delegation_path"": [], ""effect_id"": null, ""path_status"": null, ""principal_id"": ""agent-a"", ""principal_path"": [], ""resource"": ""gmail"", ""scope"": null, ""status"": ""off"", ""type"": ""target_permission""}]","[{""action"": null, ""authority_source_id"": null, ""delegation_path"": [], ""effect_id"": null, ""path_status"": null, ""principal_id"": ""agent-a"", ""principal_path"": [], ""resource"": ""gmail"", ""scope"": null, ""status"": ""off"", ""type"": ""target_permission""}]","[{""action"": ""send"", ""authority_source_id"": ""g-human-agent-a-gmail.send"", ""delegation_path"": [""d-agent-a-agent-b-gmail.send""], ""effect_id"": null, ""path_status"": ""residual"", ""principal_id"": ""agent-b"", ""principal_path"": [""human"", ""agent-a"", ""agent-b""], ""resource"": ""gmail"", ""scope"": ""gmail.send"", ""status"": null, ""type"": ""residual_capability""}, {""action"": ""send"", ""authority_source_id"": ""g-human-agent-a-gmail.send"", ""delegation_path"": [""d-agent-a-agent-b-gmail.send"", ""d-agent-b-agent-c-gmail.send""], ""effect_id"": null, ""path_status"": ""residual"", ""principal_id"": ""agent-c"", ""principal_path"": [""human"", ""agent-a"", ""agent-b"", ""agent-c""], ""resource"": ""gmail"", ""scope"": ""gmail.send"", ""status"": null, ""type"": ""residual_capability""}, {""action"": null, ""authority_source_id"": null, ""delegation_path"": [], ""effect_id"": null, ""path_status"": null, ""principal_id"": ""agent-a"", ""principal_path"": [], ""resource"": ""gmail"", ""scope"": null, ""status"": ""off"", ""type"": ""target_permission""}]",1,3,0.3333333333333333,3,3,1.0,"[{""action"": ""send"", ""authority_source_id"": ""g-human-agent-a-gmail.send"", ""delegation_path"": [""d-agent-a-agent-b-gmail.send""], ""effect_id"": null, ""path_status"": ""residual"", ""principal_id"": ""agent-b"", ""principal_path"": [""human"", ""agent-a"", ""agent-b""], ""resource"": ""gmail"", ""scope"": ""gmail.send"", ""status"": null, ""type"": ""residual_capability""}, {""action"": ""send"", ""authority_source_id"": ""g-human-agent-a-gmail.send"", ""delegation_path"": [""d-agent-a-agent-b-gmail.send"", ""d-agent-b-agent-c-gmail.send""], ""effect_id"": null, ""path_status"": ""residual"", ""principal_id"": ""agent-c"", ""principal_path"": [""human"", ""agent-a"", ""agent-b"", ""agent-c""], ""resource"": ""gmail"", ""scope"": ""gmail.send"", ""status"": null, ""type"": ""residual_capability""}]",[]
S016_root_revoked_depth3_read,The root grant is revoked on a depth 3 gmail.read chain.,AFTER_ACTION,True,ELIGIBLE_AFTER_ACTION,agent-a,Gmail,revoke,"[{""action"": ""read"", ""authority_source_id"": ""g-human-agent-a-gmail.read"", ""delegation_path"": [""d-agent-a-agent-b-gmail.read""], ""effect_id"": null, ""path_status"": ""residual"", ""principal_id"": ""agent-b"", ""principal_path"": [""human"", ""agent-a"", ""agent-b""], ""resource"": ""gmail"", ""scope"": ""gmail.read"", ""status"": null, ""type"": ""residual_capability""}, {""action"": ""read"", ""authority_source_id"": ""g-human-agent-a-gmail.read"", ""delegation_path"": [""d-agent-a-agent-b-gmail.read"", ""d-agent-b-agent-c-gmail.read""], ""effect_id"": null, ""path_status"": ""residual"", ""principal_id"": ""agent-c"", ""principal_path"": [""human"", ""agent-a"", ""agent-b"", ""agent-c""], ""resource"": ""gmail"", ""scope"": ""gmail.read"", ""status"": null, ""type"": ""residual_capability""}, {""action"": ""read"", ""authority_source_id"": ""g-human-agent-a-gmail.read"", ""delegation_path"": [""d-agent-a-agent-b-gmail.read"", ""d-agent-b-agent-c-gmail.read"", ""d-agent-c-agent-d-gmail.read""], ""effect_id"": null, ""path_status"": ""residual"", ""principal_id"": ""agent-d"", ""principal_path"": [""human"", ""agent-a"", ""agent-b"", ""agent-c"", ""agent-d""], ""resource"": ""gmail"", ""scope"": ""gmail.read"", ""status"": null, ""type"": ""residual_capability""}, {""action"": null, ""authority_source_id"": null, ""delegation_path"": [], ""effect_id"": null, ""path_status"": null, ""principal_id"": ""agent-a"", ""principal_path"": [], ""resource"": ""gmail"", ""scope"": null, ""status"": ""off"", ""type"": ""target_permission""}]","[{""action"": null, ""authority_source_id"": null, ""delegation_path"": [], ""effect_id"": null, ""path_status"": null, ""principal_id"": ""agent-a"", ""principal_path"": [], ""resource"": ""gmail"", ""scope"": null, ""status"": ""off"", ""type"": ""target_permission""}]","[{""action"": ""read"", ""authority_source_id"": ""g-human-agent-a-gmail.read"", ""delegation_path"": [""d-agent-a-agent-b-gmail.read""], ""effect_id"": null, ""path_status"": ""residual"", ""principal_id"": ""agent-b"", ""principal_path"": [""human"", ""agent-a"", ""agent-b""], ""resource"": ""gmail"", ""scope"": ""gmail.read"", ""status"": null, ""type"": ""residual_capability""}, {""action"": ""read"", ""authority_source_id"": ""g-human-agent-a-gmail.read"", ""delegation_path"": [""d-agent-a-agent-b-gmail.read"", ""d-agent-b-agent-c-gmail.read""], ""effect_id"": null, ""path_status"": ""residual"", ""principal_id"": ""agent-c"", ""principal_path"": [""human"", ""agent-a"", ""agent-b"", ""agent-c""], ""resource"": ""gmail"", ""scope"": ""gmail.read"", ""status"": null, ""type"": ""residual_capability""}, {""action"": ""read"", ""authority_source_id"": ""g-human-agent-a-gmail.read"", ""delegation_path"": [""d-agent-a-agent-b-gmail.read"", ""d-agent-b-agent-c-gmail.read"", ""d-agent-c-agent-d-gmail.read""], ""effect_id"": null, ""path_status"": ""residual"", ""principal_id"": ""agent-d"", ""principal_path"": [""human"", ""agent-a"", ""agent-b"", ""agent-c"", ""agent-d""], ""resource"": ""gmail"", ""scope"": ""gmail.read"", ""status"": null, ""type"": ""residual_capability""}, {""action"": null, ""authority_source_id"": null, ""delegation_path"": [], ""effect_id"": null, ""path_status"": null, ""principal_id"": ""agent-a"", ""principal_path"": [], ""resource"": ""gmail"", ""scope"": null, ""status"": ""off"", ""type"": ""target_permission""}]",1,4,0.25,4,4,1.0,"[{""action"": ""read"", ""authority_source_id"": ""g-human-agent-a-gmail.read"", ""delegation_path"": [""d-agent-a-agent-b-gmail.read""], ""effect_id"": null, ""path_status"": ""residual"", ""principal_id"": ""agent-b"", ""principal_path"": [""human"", ""agent-a"", ""agent-b""], ""resource"": ""gmail"", ""scope"": ""gmail.read"", ""status"": null, ""type"": ""residual_capability""}, {""action"": ""read"", ""authority_source_id"": ""g-human-agent-a-gmail.read"", ""delegation_path"": [""d-agent-a-agent-b-gmail.read"", ""d-agent-b-agent-c-gmail.read""], ""effect_id"": null, ""path_status"": ""residual"", ""principal_id"": ""agent-c"", ""principal_path"": [""human"", ""agent-a"", ""agent-b"", ""agent-c""], ""resource"": ""gmail"", ""scope"": ""gmail.read"", ""status"": null, ""type"": ""residual_capability""}, {""action"": ""read"", ""authority_source_id"": ""g-human-agent-a-gmail.read"", ""delegation_path"": [""d-agent-a-agent-b-gmail.read"", ""d-agent-b-agent-c-gmail.read"", ""d-agent-c-agent-d-gmail.read""], ""effect_id"": null, ""path_status"": ""residual"", ""principal_id"": ""agent-d"", ""principal_path"": [""human"", ""agent-a"", ""agent-b"", ""agent-c"", ""agent-d""], ""resource"": ""gmail"", ""scope"": ""gmail.read"", ""status"": null, ""type"": ""residual_capability""}]",[]
S017_root_revoked_depth3_send,The root grant is revoked on a depth 3 gmail.send chain.,AFTER_ACTION,True,ELIGIBLE_AFTER_ACTION,agent-a,Gmail,revoke,"[{""action"": ""send"", ""authority_source_id"": ""g-human-agent-a-gmail.send"", ""delegation_path"": [""d-agent-a-agent-b-gmail.send""], ""effect_id"": null, ""path_status"": ""residual"", ""principal_id"": ""agent-b"", ""principal_path"": [""human"", ""agent-a"", ""agent-b""], ""resource"": ""gmail"", ""scope"": ""gmail.send"", ""status"": null, ""type"": ""residual_capability""}, {""action"": ""send"", ""authority_source_id"": ""g-human-agent-a-gmail.send"", ""delegation_path"": [""d-agent-a-agent-b-gmail.send"", ""d-agent-b-agent-c-gmail.send""], ""effect_id"": null, ""path_status"": ""residual"", ""principal_id"": ""agent-c"", ""principal_path"": [""human"", ""agent-a"", ""agent-b"", ""agent-c""], ""resource"": ""gmail"", ""scope"": ""gmail.send"", ""status"": null, ""type"": ""residual_capability""}, {""action"": ""send"", ""authority_source_id"": ""g-human-agent-a-gmail.send"", ""delegation_path"": [""d-agent-a-agent-b-gmail.send"", ""d-agent-b-agent-c-gmail.send"", ""d-agent-c-agent-d-gmail.send""], ""effect_id"": null, ""path_status"": ""residual"", ""principal_id"": ""agent-d"", ""principal_path"": [""human"", ""agent-a"", ""agent-b"", ""agent-c"", ""agent-d""], ""resource"": ""gmail"", ""scope"": ""gmail.send"", ""status"": null, ""type"": ""residual_capability""}, {""action"": null, ""authority_source_id"": null, ""delegation_path"": [], ""effect_id"": null, ""path_status"": null, ""principal_id"": ""agent-a"", ""principal_path"": [], ""resource"": ""gmail"", ""scope"": null, ""status"": ""off"", ""type"": ""target_permission""}]","[{""action"": null, ""authority_source_id"": null, ""delegation_path"": [], ""effect_id"": null, ""path_status"": null, ""principal_id"": ""agent-a"", ""principal_path"": [], ""resource"": ""gmail"", ""scope"": null, ""status"": ""off"", ""type"": ""target_permission""}]","[{""action"": ""send"", ""authority_source_id"": ""g-human-agent-a-gmail.send"", ""delegation_path"": [""d-agent-a-agent-b-gmail.send""], ""effect_id"": null, ""path_status"": ""residual"", ""principal_id"": ""agent-b"", ""principal_path"": [""human"", ""agent-a"", ""agent-b""], ""resource"": ""gmail"", ""scope"": ""gmail.send"", ""status"": null, ""type"": ""residual_capability""}, {""action"": ""send"", ""authority_source_id"": ""g-human-agent-a-gmail.send"", ""delegation_path"": [""d-agent-a-agent-b-gmail.send"", ""d-agent-b-agent-c-gmail.send""], ""effect_id"": null, ""path_status"": ""residual"", ""principal_id"": ""agent-c"", ""principal_path"": [""human"", ""agent-a"", ""agent-b"", ""agent-c""], ""resource"": ""gmail"", ""scope"": ""gmail.send"", ""status"": null, ""type"": ""residual_capability""}, {""action"": ""send"", ""authority_source_id"": ""g-human-agent-a-gmail.send"", ""delegation_path"": [""d-agent-a-agent-b-gmail.send"", ""d-agent-b-agent-c-gmail.send"", ""d-agent-c-agent-d-gmail.send""], ""effect_id"": null, ""path_status"": ""residual"", ""principal_id"": ""agent-d"", ""principal_path"": [""human"", ""agent-a"", ""agent-b"", ""agent-c"", ""agent-d""], ""resource"": ""gmail"", ""scope"": ""gmail.send"", ""status"": null, ""type"": ""residual_capability""}, {""action"": null, ""authority_source_id"": null, ""delegation_path"": [], ""effect_id"": null, ""path_status"": null, ""principal_id"": ""agent-a"", ""principal_path"": [], ""resource"": ""gmail"", ""scope"": null, ""status"": ""off"", ""type"": ""target_permission""}]",1,4,0.25,4,4,1.0,"[{""action"": ""send"", ""authority_source_id"": ""g-human-agent-a-gmail.send"", ""delegation_path"": [""d-agent-a-agent-b-gmail.send""], ""effect_id"": null, ""path_status"": ""residual"", ""principal_id"": ""agent-b"", ""principal_path"": [""human"", ""agent-a"", ""agent-b""], ""resource"": ""gmail"", ""scope"": ""gmail.send"", ""status"": null, ""type"": ""residual_capability""}, {""action"": ""send"", ""authority_source_id"": ""g-human-agent-a-gmail.send"", ""delegation_path"": [""d-agent-a-agent-b-gmail.send"", ""d-agent-b-agent-c-gmail.send""], ""effect_id"": null, ""path_status"": ""residual"", ""principal_id"": ""agent-c"", ""principal_path"": [""human"", ""agent-a"", ""agent-b"", ""agent-c""], ""resource"": ""gmail"", ""scope"": ""gmail.send"", ""status"": null, ""type"": ""residual_capability""}, {""action"": ""send"", ""authority_source_id"": ""g-human-agent-a-gmail.send"", ""delegation_path"": [""d-agent-a-agent-b-gmail.send"", ""d-agent-b-agent-c-gmail.send"", ""d-agent-c-agent-d-gmail.send""], ""effect_id"": null, ""path_status"": ""residual"", ""principal_id"": ""agent-d"", ""principal_path"": [""human"", ""agent-a"", ""agent-b"", ""agent-c"", ""agent-d""], ""resource"": ""gmail"", ""scope"": ""gmail.send"", ""status"": null, ""type"": ""residual_capability""}]",[]
S018_link1_revoked_depth2_read,Delegation link 1 is revoked for its recipient in a depth 2 gmail.read chain.,AFTER_ACTION,True,ELIGIBLE_AFTER_ACTION,agent-b,Gmail,revoke,"[{""action"": ""read"", ""authority_source_id"": ""g-human-agent-a-gmail.read"", ""delegation_path"": [], ""effect_id"": null, ""path_status"": ""clean"", ""principal_id"": ""agent-a"", ""principal_path"": [""human"", ""agent-a""], ""resource"": ""gmail"", ""scope"": ""gmail.read"", ""status"": null, ""type"": ""active_capability""}, {""action"": ""read"", ""authority_source_id"": ""g-human-agent-a-gmail.read"", ""delegation_path"": [""d-agent-a-agent-b-gmail.read"", ""d-agent-b-agent-c-gmail.read""], ""effect_id"": null, ""path_status"": ""residual"", ""principal_id"": ""agent-c"", ""principal_path"": [""human"", ""agent-a"", ""agent-b"", ""agent-c""], ""resource"": ""gmail"", ""scope"": ""gmail.read"", ""status"": null, ""type"": ""residual_capability""}, {""action"": null, ""authority_source_id"": null, ""delegation_path"": [], ""effect_id"": null, ""path_status"": null, ""principal_id"": ""agent-b"", ""principal_path"": [], ""resource"": ""gmail"", ""scope"": null, ""status"": ""off"", ""type"": ""target_permission""}]","[{""action"": null, ""authority_source_id"": null, ""delegation_path"": [], ""effect_id"": null, ""path_status"": null, ""principal_id"": ""agent-b"", ""principal_path"": [], ""resource"": ""gmail"", ""scope"": null, ""status"": ""off"", ""type"": ""target_permission""}]","[{""action"": ""read"", ""authority_source_id"": ""g-human-agent-a-gmail.read"", ""delegation_path"": [], ""effect_id"": null, ""path_status"": ""clean"", ""principal_id"": ""agent-a"", ""principal_path"": [""human"", ""agent-a""], ""resource"": ""gmail"", ""scope"": ""gmail.read"", ""status"": null, ""type"": ""active_capability""}, {""action"": ""read"", ""authority_source_id"": ""g-human-agent-a-gmail.read"", ""delegation_path"": [""d-agent-a-agent-b-gmail.read"", ""d-agent-b-agent-c-gmail.read""], ""effect_id"": null, ""path_status"": ""residual"", ""principal_id"": ""agent-c"", ""principal_path"": [""human"", ""agent-a"", ""agent-b"", ""agent-c""], ""resource"": ""gmail"", ""scope"": ""gmail.read"", ""status"": null, ""type"": ""residual_capability""}, {""action"": null, ""authority_source_id"": null, ""delegation_path"": [], ""effect_id"": null, ""path_status"": null, ""principal_id"": ""agent-b"", ""principal_path"": [], ""resource"": ""gmail"", ""scope"": null, ""status"": ""off"", ""type"": ""target_permission""}]",1,3,0.3333333333333333,3,3,1.0,"[{""action"": ""read"", ""authority_source_id"": ""g-human-agent-a-gmail.read"", ""delegation_path"": [""d-agent-a-agent-b-gmail.read"", ""d-agent-b-agent-c-gmail.read""], ""effect_id"": null, ""path_status"": ""residual"", ""principal_id"": ""agent-c"", ""principal_path"": [""human"", ""agent-a"", ""agent-b"", ""agent-c""], ""resource"": ""gmail"", ""scope"": ""gmail.read"", ""status"": null, ""type"": ""residual_capability""}]",[]
S019_link1_revoked_depth2_send,Delegation link 1 is revoked for its recipient in a depth 2 gmail.send chain.,AFTER_ACTION,True,ELIGIBLE_AFTER_ACTION,agent-b,Gmail,revoke,"[{""action"": ""send"", ""authority_source_id"": ""g-human-agent-a-gmail.send"", ""delegation_path"": [], ""effect_id"": null, ""path_status"": ""clean"", ""principal_id"": ""agent-a"", ""principal_path"": [""human"", ""agent-a""], ""resource"": ""gmail"", ""scope"": ""gmail.send"", ""status"": null, ""type"": ""active_capability""}, {""action"": ""send"", ""authority_source_id"": ""g-human-agent-a-gmail.send"", ""delegation_path"": [""d-agent-a-agent-b-gmail.send"", ""d-agent-b-agent-c-gmail.send""], ""effect_id"": null, ""path_status"": ""residual"", ""principal_id"": ""agent-c"", ""principal_path"": [""human"", ""agent-a"", ""agent-b"", ""agent-c""], ""resource"": ""gmail"", ""scope"": ""gmail.send"", ""status"": null, ""type"": ""residual_capability""}, {""action"": null, ""authority_source_id"": null, ""delegation_path"": [], ""effect_id"": null, ""path_status"": null, ""principal_id"": ""agent-b"", ""principal_path"": [], ""resource"": ""gmail"", ""scope"": null, ""status"": ""off"", ""type"": ""target_permission""}]","[{""action"": null, ""authority_source_id"": null, ""delegation_path"": [], ""effect_id"": null, ""path_status"": null, ""principal_id"": ""agent-b"", ""principal_path"": [], ""resource"": ""gmail"", ""scope"": null, ""status"": ""off"", ""type"": ""target_permission""}]","[{""action"": ""send"", ""authority_source_id"": ""g-human-agent-a-gmail.send"", ""delegation_path"": [], ""effect_id"": null, ""path_status"": ""clean"", ""principal_id"": ""agent-a"", ""principal_path"": [""human"", ""agent-a""], ""resource"": ""gmail"", ""scope"": ""gmail.send"", ""status"": null, ""type"": ""active_capability""}, {""action"": ""send"", ""authority_source_id"": ""g-human-agent-a-gmail.send"", ""delegation_path"": [""d-agent-a-agent-b-gmail.send"", ""d-agent-b-agent-c-gmail.send""], ""effect_id"": null, ""path_status"": ""residual"", ""principal_id"": ""agent-c"", ""principal_path"": [""human"", ""agent-a"", ""agent-b"", ""agent-c""], ""resource"": ""gmail"", ""scope"": ""gmail.send"", ""status"": null, ""type"": ""residual_capability""}, {""action"": null, ""authority_source_id"": null, ""delegation_path"": [], ""effect_id"": null, ""path_status"": null, ""principal_id"": ""agent-b"", ""principal_path"": [], ""resource"": ""gmail"", ""scope"": null, ""status"": ""off"", ""type"": ""target_permission""}]",1,3,0.3333333333333333,3,3,1.0,"[{""action"": ""send"", ""authority_source_id"": ""g-human-agent-a-gmail.send"", ""delegation_path"": [""d-agent-a-agent-b-gmail.send"", ""d-agent-b-agent-c-gmail.send""], ""effect_id"": null, ""path_status"": ""residual"", ""principal_id"": ""agent-c"", ""principal_path"": [""human"", ""agent-a"", ""agent-b"", ""agent-c""], ""resource"": ""gmail"", ""scope"": ""gmail.send"", ""status"": null, ""type"": ""residual_capability""}]",[]
S020_link1_revoked_depth3_read,Delegation link 1 is revoked for its recipient in a depth 3 gmail.read chain.,AFTER_ACTION,True,ELIGIBLE_AFTER_ACTION,agent-b,Gmail,revoke,"[{""action"": ""read"", ""authority_source_id"": ""g-human-agent-a-gmail.read"", ""delegation_path"": [], ""effect_id"": null, ""path_status"": ""clean"", ""principal_id"": ""agent-a"", ""principal_path"": [""human"", ""agent-a""], ""resource"": ""gmail"", ""scope"": ""gmail.read"", ""status"": null, ""type"": ""active_capability""}, {""action"": ""read"", ""authority_source_id"": ""g-human-agent-a-gmail.read"", ""delegation_path"": [""d-agent-a-agent-b-gmail.read"", ""d-agent-b-agent-c-gmail.read""], ""effect_id"": null, ""path_status"": ""residual"", ""principal_id"": ""agent-c"", ""principal_path"": [""human"", ""agent-a"", ""agent-b"", ""agent-c""], ""resource"": ""gmail"", ""scope"": ""gmail.read"", ""status"": null, ""type"": ""residual_capability""}, {""action"": ""read"", ""authority_source_id"": ""g-human-agent-a-gmail.read"", ""delegation_path"": [""d-agent-a-agent-b-gmail.read"", ""d-agent-b-agent-c-gmail.read"", ""d-agent-c-agent-d-gmail.read""], ""effect_id"": null, ""path_status"": ""residual"", ""principal_id"": ""agent-d"", ""principal_path"": [""human"", ""agent-a"", ""agent-b"", ""agent-c"", ""agent-d""], ""resource"": ""gmail"", ""scope"": ""gmail.read"", ""status"": null, ""type"": ""residual_capability""}, {""action"": null, ""authority_source_id"": null, ""delegation_path"": [], ""effect_id"": null, ""path_status"": null, ""principal_id"": ""agent-b"", ""principal_path"": [], ""resource"": ""gmail"", ""scope"": null, ""status"": ""off"", ""type"": ""target_permission""}]","[{""action"": null, ""authority_source_id"": null, ""delegation_path"": [], ""effect_id"": null, ""path_status"": null, ""principal_id"": ""agent-b"", ""principal_path"": [], ""resource"": ""gmail"", ""scope"": null, ""status"": ""off"", ""type"": ""target_permission""}]","[{""action"": ""read"", ""authority_source_id"": ""g-human-agent-a-gmail.read"", ""delegation_path"": [], ""effect_id"": null, ""path_status"": ""clean"", ""principal_id"": ""agent-a"", ""principal_path"": [""human"", ""agent-a""], ""resource"": ""gmail"", ""scope"": ""gmail.read"", ""status"": null, ""type"": ""active_capability""}, {""action"": ""read"", ""authority_source_id"": ""g-human-agent-a-gmail.read"", ""delegation_path"": [""d-agent-a-agent-b-gmail.read"", ""d-agent-b-agent-c-gmail.read""], ""effect_id"": null, ""path_status"": ""residual"", ""principal_id"": ""agent-c"", ""principal_path"": [""human"", ""agent-a"", ""agent-b"", ""agent-c""], ""resource"": ""gmail"", ""scope"": ""gmail.read"", ""status"": null, ""type"": ""residual_capability""}, {""action"": ""read"", ""authority_source_id"": ""g-human-agent-a-gmail.read"", ""delegation_path"": [""d-agent-a-agent-b-gmail.read"", ""d-agent-b-agent-c-gmail.read"", ""d-agent-c-agent-d-gmail.read""], ""effect_id"": null, ""path_status"": ""residual"", ""principal_id"": ""agent-d"", ""principal_path"": [""human"", ""agent-a"", ""agent-b"", ""agent-c"", ""agent-d""], ""resource"": ""gmail"", ""scope"": ""gmail.read"", ""status"": null, ""type"": ""residual_capability""}, {""action"": null, ""authority_source_id"": null, ""delegation_path"": [], ""effect_id"": null, ""path_status"": null, ""principal_id"": ""agent-b"", ""principal_path"": [], ""resource"": ""gmail"", ""scope"": null, ""status"": ""off"", ""type"": ""target_permission""}]",1,4,0.25,4,4,1.0,"[{""action"": ""read"", ""authority_source_id"": ""g-human-agent-a-gmail.read"", ""delegation_path"": [""d-agent-a-agent-b-gmail.read"", ""d-agent-b-agent-c-gmail.read""], ""effect_id"": null, ""path_status"": ""residual"", ""principal_id"": ""agent-c"", ""principal_path"": [""human"", ""agent-a"", ""agent-b"", ""agent-c""], ""resource"": ""gmail"", ""scope"": ""gmail.read"", ""status"": null, ""type"": ""residual_capability""}, {""action"": ""read"", ""authority_source_id"": ""g-human-agent-a-gmail.read"", ""delegation_path"": [""d-agent-a-agent-b-gmail.read"", ""d-agent-b-agent-c-gmail.read"", ""d-agent-c-agent-d-gmail.read""], ""effect_id"": null, ""path_status"": ""residual"", ""principal_id"": ""agent-d"", ""principal_path"": [""human"", ""agent-a"", ""agent-b"", ""agent-c"", ""agent-d""], ""resource"": ""gmail"", ""scope"": ""gmail.read"", ""status"": null, ""type"": ""residual_capability""}]",[]
S021_link1_revoked_depth3_send,Delegation link 1 is revoked for its recipient in a depth 3 gmail.send chain.,AFTER_ACTION,True,ELIGIBLE_AFTER_ACTION,agent-b,Gmail,revoke,"[{""action"": ""send"", ""authority_source_id"": ""g-human-agent-a-gmail.send"", ""delegation_path"": [], ""effect_id"": null, ""path_status"": ""clean"", ""principal_id"": ""agent-a"", ""principal_path"": [""human"", ""agent-a""], ""resource"": ""gmail"", ""scope"": ""gmail.send"", ""status"": null, ""type"": ""active_capability""}, {""action"": ""send"", ""authority_source_id"": ""g-human-agent-a-gmail.send"", ""delegation_path"": [""d-agent-a-agent-b-gmail.send"", ""d-agent-b-agent-c-gmail.send""], ""effect_id"": null, ""path_status"": ""residual"", ""principal_id"": ""agent-c"", ""principal_path"": [""human"", ""agent-a"", ""agent-b"", ""agent-c""], ""resource"": ""gmail"", ""scope"": ""gmail.send"", ""status"": null, ""type"": ""residual_capability""}, {""action"": ""send"", ""authority_source_id"": ""g-human-agent-a-gmail.send"", ""delegation_path"": [""d-agent-a-agent-b-gmail.send"", ""d-agent-b-agent-c-gmail.send"", ""d-agent-c-agent-d-gmail.send""], ""effect_id"": null, ""path_status"": ""residual"", ""principal_id"": ""agent-d"", ""principal_path"": [""human"", ""agent-a"", ""agent-b"", ""agent-c"", ""agent-d""], ""resource"": ""gmail"", ""scope"": ""gmail.send"", ""status"": null, ""type"": ""residual_capability""}, {""action"": null, ""authority_source_id"": null, ""delegation_path"": [], ""effect_id"": null, ""path_status"": null, ""principal_id"": ""agent-b"", ""principal_path"": [], ""resource"": ""gmail"", ""scope"": null, ""status"": ""off"", ""type"": ""target_permission""}]","[{""action"": null, ""authority_source_id"": null, ""delegation_path"": [], ""effect_id"": null, ""path_status"": null, ""principal_id"": ""agent-b"", ""principal_path"": [], ""resource"": ""gmail"", ""scope"": null, ""status"": ""off"", ""type"": ""target_permission""}]","[{""action"": ""send"", ""authority_source_id"": ""g-human-agent-a-gmail.send"", ""delegation_path"": [], ""effect_id"": null, ""path_status"": ""clean"", ""principal_id"": ""agent-a"", ""principal_path"": [""human"", ""agent-a""], ""resource"": ""gmail"", ""scope"": ""gmail.send"", ""status"": null, ""type"": ""active_capability""}, {""action"": ""send"", ""authority_source_id"": ""g-human-agent-a-gmail.send"", ""delegation_path"": [""d-agent-a-agent-b-gmail.send"", ""d-agent-b-agent-c-gmail.send""], ""effect_id"": null, ""path_status"": ""residual"", ""principal_id"": ""agent-c"", ""principal_path"": [""human"", ""agent-a"", ""agent-b"", ""agent-c""], ""resource"": ""gmail"", ""scope"": ""gmail.send"", ""status"": null, ""type"": ""residual_capability""}, {""action"": ""send"", ""authority_source_id"": ""g-human-agent-a-gmail.send"", ""delegation_path"": [""d-agent-a-agent-b-gmail.send"", ""d-agent-b-agent-c-gmail.send"", ""d-agent-c-agent-d-gmail.send""], ""effect_id"": null, ""path_status"": ""residual"", ""principal_id"": ""agent-d"", ""principal_path"": [""human"", ""agent-a"", ""agent-b"", ""agent-c"", ""agent-d""], ""resource"": ""gmail"", ""scope"": ""gmail.send"", ""status"": null, ""type"": ""residual_capability""}, {""action"": null, ""authority_source_id"": null, ""delegation_path"": [], ""effect_id"": null, ""path_status"": null, ""principal_id"": ""agent-b"", ""principal_path"": [], ""resource"": ""gmail"", ""scope"": null, ""status"": ""off"", ""type"": ""target_permission""}]",1,4,0.25,4,4,1.0,"[{""action"": ""send"", ""authority_source_id"": ""g-human-agent-a-gmail.send"", ""delegation_path"": [""d-agent-a-agent-b-gmail.send"", ""d-agent-b-agent-c-gmail.send""], ""effect_id"": null, ""path_status"": ""residual"", ""principal_id"": ""agent-c"", ""principal_path"": [""human"", ""agent-a"", ""agent-b"", ""agent-c""], ""resource"": ""gmail"", ""scope"": ""gmail.send"", ""status"": null, ""type"": ""residual_capability""}, {""action"": ""send"", ""authority_source_id"": ""g-human-agent-a-gmail.send"", ""delegation_path"": [""d-agent-a-agent-b-gmail.send"", ""d-agent-b-agent-c-gmail.send"", ""d-agent-c-agent-d-gmail.send""], ""effect_id"": null, ""path_status"": ""residual"", ""principal_id"": ""agent-d"", ""principal_path"": [""human"", ""agent-a"", ""agent-b"", ""agent-c"", ""agent-d""], ""resource"": ""gmail"", ""scope"": ""gmail.send"", ""status"": null, ""type"": ""residual_capability""}]",[]
S022_link2_revoked_depth3_read,Delegation link 2 is revoked for its recipient in a depth 3 gmail.read chain.,AFTER_ACTION,True,ELIGIBLE_AFTER_ACTION,agent-c,Gmail,revoke,"[{""action"": ""read"", ""authority_source_id"": ""g-human-agent-a-gmail.read"", ""delegation_path"": [], ""effect_id"": null, ""path_status"": ""clean"", ""principal_id"": ""agent-a"", ""principal_path"": [""human"", ""agent-a""], ""resource"": ""gmail"", ""scope"": ""gmail.read"", ""status"": null, ""type"": ""active_capability""}, {""action"": ""read"", ""authority_source_id"": ""g-human-agent-a-gmail.read"", ""delegation_path"": [""d-agent-a-agent-b-gmail.read""], ""effect_id"": null, ""path_status"": ""clean"", ""principal_id"": ""agent-b"", ""principal_path"": [""human"", ""agent-a"", ""agent-b""], ""resource"": ""gmail"", ""scope"": ""gmail.read"", ""status"": null, ""type"": ""active_capability""}, {""action"": ""read"", ""authority_source_id"": ""g-human-agent-a-gmail.read"", ""delegation_path"": [""d-agent-a-agent-b-gmail.read"", ""d-agent-b-agent-c-gmail.read"", ""d-agent-c-agent-d-gmail.read""], ""effect_id"": null, ""path_status"": ""residual"", ""principal_id"": ""agent-d"", ""principal_path"": [""human"", ""agent-a"", ""agent-b"", ""agent-c"", ""agent-d""], ""resource"": ""gmail"", ""scope"": ""gmail.read"", ""status"": null, ""type"": ""residual_capability""}, {""action"": null, ""authority_source_id"": null, ""delegation_path"": [], ""effect_id"": null, ""path_status"": null, ""principal_id"": ""agent-c"", ""principal_path"": [], ""resource"": ""gmail"", ""scope"": null, ""status"": ""off"", ""type"": ""target_permission""}]","[{""action"": null, ""authority_source_id"": null, ""delegation_path"": [], ""effect_id"": null, ""path_status"": null, ""principal_id"": ""agent-c"", ""principal_path"": [], ""resource"": ""gmail"", ""scope"": null, ""status"": ""off"", ""type"": ""target_permission""}]","[{""action"": ""read"", ""authority_source_id"": ""g-human-agent-a-gmail.read"", ""delegation_path"": [], ""effect_id"": null, ""path_status"": ""clean"", ""principal_id"": ""agent-a"", ""principal_path"": [""human"", ""agent-a""], ""resource"": ""gmail"", ""scope"": ""gmail.read"", ""status"": null, ""type"": ""active_capability""}, {""action"": ""read"", ""authority_source_id"": ""g-human-agent-a-gmail.read"", ""delegation_path"": [""d-agent-a-agent-b-gmail.read""], ""effect_id"": null, ""path_status"": ""clean"", ""principal_id"": ""agent-b"", ""principal_path"": [""human"", ""agent-a"", ""agent-b""], ""resource"": ""gmail"", ""scope"": ""gmail.read"", ""status"": null, ""type"": ""active_capability""}, {""action"": ""read"", ""authority_source_id"": ""g-human-agent-a-gmail.read"", ""delegation_path"": [""d-agent-a-agent-b-gmail.read"", ""d-agent-b-agent-c-gmail.read"", ""d-agent-c-agent-d-gmail.read""], ""effect_id"": null, ""path_status"": ""residual"", ""principal_id"": ""agent-d"", ""principal_path"": [""human"", ""agent-a"", ""agent-b"", ""agent-c"", ""agent-d""], ""resource"": ""gmail"", ""scope"": ""gmail.read"", ""status"": null, ""type"": ""residual_capability""}, {""action"": null, ""authority_source_id"": null, ""delegation_path"": [], ""effect_id"": null, ""path_status"": null, ""principal_id"": ""agent-c"", ""principal_path"": [], ""resource"": ""gmail"", ""scope"": null, ""status"": ""off"", ""type"": ""target_permission""}]",1,4,0.25,4,4,1.0,"[{""action"": ""read"", ""authority_source_id"": ""g-human-agent-a-gmail.read"", ""delegation_path"": [""d-agent-a-agent-b-gmail.read"", ""d-agent-b-agent-c-gmail.read"", ""d-agent-c-agent-d-gmail.read""], ""effect_id"": null, ""path_status"": ""residual"", ""principal_id"": ""agent-d"", ""principal_path"": [""human"", ""agent-a"", ""agent-b"", ""agent-c"", ""agent-d""], ""resource"": ""gmail"", ""scope"": ""gmail.read"", ""status"": null, ""type"": ""residual_capability""}]",[]
S023_link2_revoked_depth3_send,Delegation link 2 is revoked for its recipient in a depth 3 gmail.send chain.,AFTER_ACTION,True,ELIGIBLE_AFTER_ACTION,agent-c,Gmail,revoke,"[{""action"": ""send"", ""authority_source_id"": ""g-human-agent-a-gmail.send"", ""delegation_path"": [], ""effect_id"": null, ""path_status"": ""clean"", ""principal_id"": ""agent-a"", ""principal_path"": [""human"", ""agent-a""], ""resource"": ""gmail"", ""scope"": ""gmail.send"", ""status"": null, ""type"": ""active_capability""}, {""action"": ""send"", ""authority_source_id"": ""g-human-agent-a-gmail.send"", ""delegation_path"": [""d-agent-a-agent-b-gmail.send""], ""effect_id"": null, ""path_status"": ""clean"", ""principal_id"": ""agent-b"", ""principal_path"": [""human"", ""agent-a"", ""agent-b""], ""resource"": ""gmail"", ""scope"": ""gmail.send"", ""status"": null, ""type"": ""active_capability""}, {""action"": ""send"", ""authority_source_id"": ""g-human-agent-a-gmail.send"", ""delegation_path"": [""d-agent-a-agent-b-gmail.send"", ""d-agent-b-agent-c-gmail.send"", ""d-agent-c-agent-d-gmail.send""], ""effect_id"": null, ""path_status"": ""residual"", ""principal_id"": ""agent-d"", ""principal_path"": [""human"", ""agent-a"", ""agent-b"", ""agent-c"", ""agent-d""], ""resource"": ""gmail"", ""scope"": ""gmail.send"", ""status"": null, ""type"": ""residual_capability""}, {""action"": null, ""authority_source_id"": null, ""delegation_path"": [], ""effect_id"": null, ""path_status"": null, ""principal_id"": ""agent-c"", ""principal_path"": [], ""resource"": ""gmail"", ""scope"": null, ""status"": ""off"", ""type"": ""target_permission""}]","[{""action"": null, ""authority_source_id"": null, ""delegation_path"": [], ""effect_id"": null, ""path_status"": null, ""principal_id"": ""agent-c"", ""principal_path"": [], ""resource"": ""gmail"", ""scope"": null, ""status"": ""off"", ""type"": ""target_permission""}]","[{""action"": ""send"", ""authority_source_id"": ""g-human-agent-a-gmail.send"", ""delegation_path"": [], ""effect_id"": null, ""path_status"": ""clean"", ""principal_id"": ""agent-a"", ""principal_path"": [""human"", ""agent-a""], ""resource"": ""gmail"", ""scope"": ""gmail.send"", ""status"": null, ""type"": ""active_capability""}, {""action"": ""send"", ""authority_source_id"": ""g-human-agent-a-gmail.send"", ""delegation_path"": [""d-agent-a-agent-b-gmail.send""], ""effect_id"": null, ""path_status"": ""clean"", ""principal_id"": ""agent-b"", ""principal_path"": [""human"", ""agent-a"", ""agent-b""], ""resource"": ""gmail"", ""scope"": ""gmail.send"", ""status"": null, ""type"": ""active_capability""}, {""action"": ""send"", ""authority_source_id"": ""g-human-agent-a-gmail.send"", ""delegation_path"": [""d-agent-a-agent-b-gmail.send"", ""d-agent-b-agent-c-gmail.send"", ""d-agent-c-agent-d-gmail.send""], ""effect_id"": null, ""path_status"": ""residual"", ""principal_id"": ""agent-d"", ""principal_path"": [""human"", ""agent-a"", ""agent-b"", ""agent-c"", ""agent-d""], ""resource"": ""gmail"", ""scope"": ""gmail.send"", ""status"": null, ""type"": ""residual_capability""}, {""action"": null, ""authority_source_id"": null, ""delegation_path"": [], ""effect_id"": null, ""path_status"": null, ""principal_id"": ""agent-c"", ""principal_path"": [], ""resource"": ""gmail"", ""scope"": null, ""status"": ""off"", ""type"": ""target_permission""}]",1,4,0.25,4,4,1.0,"[{""action"": ""send"", ""authority_source_id"": ""g-human-agent-a-gmail.send"", ""delegation_path"": [""d-agent-a-agent-b-gmail.send"", ""d-agent-b-agent-c-gmail.send"", ""d-agent-c-agent-d-gmail.send""], ""effect_id"": null, ""path_status"": ""residual"", ""principal_id"": ""agent-d"", ""principal_path"": [""human"", ""agent-a"", ""agent-b"", ""agent-c"", ""agent-d""], ""resource"": ""gmail"", ""scope"": ""gmail.send"", ""status"": null, ""type"": ""residual_capability""}]",[]
S024_queued_send_residual_depth1,One email is queued before root revocation on a depth 1 send chain.,AFTER_ACTION,True,ELIGIBLE_AFTER_ACTION,agent-a,Gmail,revoke,"[{""action"": ""email.send"", ""authority_source_id"": ""g-human-agent-a-gmail.send"", ""delegation_path"": [], ""effect_id"": ""e-s024_queued_send_residual_depth1-email"", ""path_status"": null, ""principal_id"": ""agent-a"", ""principal_path"": [], ""resource"": ""gmail"", ""scope"": ""gmail.send"", ""status"": ""queued"", ""type"": ""pending_effect""}, {""action"": ""send"", ""authority_source_id"": ""g-human-agent-a-gmail.send"", ""delegation_path"": [""d-agent-a-agent-b-gmail.send""], ""effect_id"": null, ""path_status"": ""residual"", ""principal_id"": ""agent-b"", ""principal_path"": [""human"", ""agent-a"", ""agent-b""], ""resource"": ""gmail"", ""scope"": ""gmail.send"", ""status"": null, ""type"": ""residual_capability""}, {""action"": null, ""authority_source_id"": null, ""delegation_path"": [], ""effect_id"": null, ""path_status"": null, ""principal_id"": ""agent-a"", ""principal_path"": [], ""resource"": ""gmail"", ""scope"": null, ""status"": ""off"", ""type"": ""target_permission""}]","[{""action"": null, ""authority_source_id"": null, ""delegation_path"": [], ""effect_id"": null, ""path_status"": null, ""principal_id"": ""agent-a"", ""principal_path"": [], ""resource"": ""gmail"", ""scope"": null, ""status"": ""off"", ""type"": ""target_permission""}]","[{""action"": ""email.send"", ""authority_source_id"": ""g-human-agent-a-gmail.send"", ""delegation_path"": [], ""effect_id"": ""e-s024_queued_send_residual_depth1-email"", ""path_status"": null, ""principal_id"": ""agent-a"", ""principal_path"": [], ""resource"": ""gmail"", ""scope"": ""gmail.send"", ""status"": ""queued"", ""type"": ""pending_effect""}, {""action"": ""send"", ""authority_source_id"": ""g-human-agent-a-gmail.send"", ""delegation_path"": [""d-agent-a-agent-b-gmail.send""], ""effect_id"": null, ""path_status"": ""residual"", ""principal_id"": ""agent-b"", ""principal_path"": [""human"", ""agent-a"", ""agent-b""], ""resource"": ""gmail"", ""scope"": ""gmail.send"", ""status"": null, ""type"": ""residual_capability""}, {""action"": null, ""authority_source_id"": null, ""delegation_path"": [], ""effect_id"": null, ""path_status"": null, ""principal_id"": ""agent-a"", ""principal_path"": [], ""resource"": ""gmail"", ""scope"": null, ""status"": ""off"", ""type"": ""target_permission""}]",1,3,0.3333333333333333,3,3,1.0,"[{""action"": ""email.send"", ""authority_source_id"": ""g-human-agent-a-gmail.send"", ""delegation_path"": [], ""effect_id"": ""e-s024_queued_send_residual_depth1-email"", ""path_status"": null, ""principal_id"": ""agent-a"", ""principal_path"": [], ""resource"": ""gmail"", ""scope"": ""gmail.send"", ""status"": ""queued"", ""type"": ""pending_effect""}, {""action"": ""send"", ""authority_source_id"": ""g-human-agent-a-gmail.send"", ""delegation_path"": [""d-agent-a-agent-b-gmail.send""], ""effect_id"": null, ""path_status"": ""residual"", ""principal_id"": ""agent-b"", ""principal_path"": [""human"", ""agent-a"", ""agent-b""], ""resource"": ""gmail"", ""scope"": ""gmail.send"", ""status"": null, ""type"": ""residual_capability""}]",[]
S025_queued_send_residual_depth2,One email is queued before root revocation on a depth 2 send chain.,AFTER_ACTION,True,ELIGIBLE_AFTER_ACTION,agent-a,Gmail,revoke,"[{""action"": ""email.send"", ""authority_source_id"": ""g-human-agent-a-gmail.send"", ""delegation_path"": [], ""effect_id"": ""e-s025_queued_send_residual_depth2-email"", ""path_status"": null, ""principal_id"": ""agent-a"", ""principal_path"": [], ""resource"": ""gmail"", ""scope"": ""gmail.send"", ""status"": ""queued"", ""type"": ""pending_effect""}, {""action"": ""send"", ""authority_source_id"": ""g-human-agent-a-gmail.send"", ""delegation_path"": [""d-agent-a-agent-b-gmail.send""], ""effect_id"": null, ""path_status"": ""residual"", ""principal_id"": ""agent-b"", ""principal_path"": [""human"", ""agent-a"", ""agent-b""], ""resource"": ""gmail"", ""scope"": ""gmail.send"", ""status"": null, ""type"": ""residual_capability""}, {""action"": ""send"", ""authority_source_id"": ""g-human-agent-a-gmail.send"", ""delegation_path"": [""d-agent-a-agent-b-gmail.send"", ""d-agent-b-agent-c-gmail.send""], ""effect_id"": null, ""path_status"": ""residual"", ""principal_id"": ""agent-c"", ""principal_path"": [""human"", ""agent-a"", ""agent-b"", ""agent-c""], ""resource"": ""gmail"", ""scope"": ""gmail.send"", ""status"": null, ""type"": ""residual_capability""}, {""action"": null, ""authority_source_id"": null, ""delegation_path"": [], ""effect_id"": null, ""path_status"": null, ""principal_id"": ""agent-a"", ""principal_path"": [], ""resource"": ""gmail"", ""scope"": null, ""status"": ""off"", ""type"": ""target_permission""}]","[{""action"": null, ""authority_source_id"": null, ""delegation_path"": [], ""effect_id"": null, ""path_status"": null, ""principal_id"": ""agent-a"", ""principal_path"": [], ""resource"": ""gmail"", ""scope"": null, ""status"": ""off"", ""type"": ""target_permission""}]","[{""action"": ""email.send"", ""authority_source_id"": ""g-human-agent-a-gmail.send"", ""delegation_path"": [], ""effect_id"": ""e-s025_queued_send_residual_depth2-email"", ""path_status"": null, ""principal_id"": ""agent-a"", ""principal_path"": [], ""resource"": ""gmail"", ""scope"": ""gmail.send"", ""status"": ""queued"", ""type"": ""pending_effect""}, {""action"": ""send"", ""authority_source_id"": ""g-human-agent-a-gmail.send"", ""delegation_path"": [""d-agent-a-agent-b-gmail.send""], ""effect_id"": null, ""path_status"": ""residual"", ""principal_id"": ""agent-b"", ""principal_path"": [""human"", ""agent-a"", ""agent-b""], ""resource"": ""gmail"", ""scope"": ""gmail.send"", ""status"": null, ""type"": ""residual_capability""}, {""action"": ""send"", ""authority_source_id"": ""g-human-agent-a-gmail.send"", ""delegation_path"": [""d-agent-a-agent-b-gmail.send"", ""d-agent-b-agent-c-gmail.send""], ""effect_id"": null, ""path_status"": ""residual"", ""principal_id"": ""agent-c"", ""principal_path"": [""human"", ""agent-a"", ""agent-b"", ""agent-c""], ""resource"": ""gmail"", ""scope"": ""gmail.send"", ""status"": null, ""type"": ""residual_capability""}, {""action"": null, ""authority_source_id"": null, ""delegation_path"": [], ""effect_id"": null, ""path_status"": null, ""principal_id"": ""agent-a"", ""principal_path"": [], ""resource"": ""gmail"", ""scope"": null, ""status"": ""off"", ""type"": ""target_permission""}]",1,4,0.25,4,4,1.0,"[{""action"": ""email.send"", ""authority_source_id"": ""g-human-agent-a-gmail.send"", ""delegation_path"": [], ""effect_id"": ""e-s025_queued_send_residual_depth2-email"", ""path_status"": null, ""principal_id"": ""agent-a"", ""principal_path"": [], ""resource"": ""gmail"", ""scope"": ""gmail.send"", ""status"": ""queued"", ""type"": ""pending_effect""}, {""action"": ""send"", ""authority_source_id"": ""g-human-agent-a-gmail.send"", ""delegation_path"": [""d-agent-a-agent-b-gmail.send""], ""effect_id"": null, ""path_status"": ""residual"", ""principal_id"": ""agent-b"", ""principal_path"": [""human"", ""agent-a"", ""agent-b""], ""resource"": ""gmail"", ""scope"": ""gmail.send"", ""status"": null, ""type"": ""residual_capability""}, {""action"": ""send"", ""authority_source_id"": ""g-human-agent-a-gmail.send"", ""delegation_path"": [""d-agent-a-agent-b-gmail.send"", ""d-agent-b-agent-c-gmail.send""], ""effect_id"": null, ""path_status"": ""residual"", ""principal_id"": ""agent-c"", ""principal_path"": [""human"", ""agent-a"", ""agent-b"", ""agent-c""], ""resource"": ""gmail"", ""scope"": ""gmail.send"", ""status"": null, ""type"": ""residual_capability""}]",[]
S026_queued_send_residual_depth3,One email is queued before root revocation on a depth 3 send chain.,AFTER_ACTION,True,ELIGIBLE_AFTER_ACTION,agent-a,Gmail,revoke,"[{""action"": ""email.send"", ""authority_source_id"": ""g-human-agent-a-gmail.send"", ""delegation_path"": [], ""effect_id"": ""e-s026_queued_send_residual_depth3-email"", ""path_status"": null, ""principal_id"": ""agent-a"", ""principal_path"": [], ""resource"": ""gmail"", ""scope"": ""gmail.send"", ""status"": ""queued"", ""type"": ""pending_effect""}, {""action"": ""send"", ""authority_source_id"": ""g-human-agent-a-gmail.send"", ""delegation_path"": [""d-agent-a-agent-b-gmail.send""], ""effect_id"": null, ""path_status"": ""residual"", ""principal_id"": ""agent-b"", ""principal_path"": [""human"", ""agent-a"", ""agent-b""], ""resource"": ""gmail"", ""scope"": ""gmail.send"", ""status"": null, ""type"": ""residual_capability""}, {""action"": ""send"", ""authority_source_id"": ""g-human-agent-a-gmail.send"", ""delegation_path"": [""d-agent-a-agent-b-gmail.send"", ""d-agent-b-agent-c-gmail.send""], ""effect_id"": null, ""path_status"": ""residual"", ""principal_id"": ""agent-c"", ""principal_path"": [""human"", ""agent-a"", ""agent-b"", ""agent-c""], ""resource"": ""gmail"", ""scope"": ""gmail.send"", ""status"": null, ""type"": ""residual_capability""}, {""action"": ""send"", ""authority_source_id"": ""g-human-agent-a-gmail.send"", ""delegation_path"": [""d-agent-a-agent-b-gmail.send"", ""d-agent-b-agent-c-gmail.send"", ""d-agent-c-agent-d-gmail.send""], ""effect_id"": null, ""path_status"": ""residual"", ""principal_id"": ""agent-d"", ""principal_path"": [""human"", ""agent-a"", ""agent-b"", ""agent-c"", ""agent-d""], ""resource"": ""gmail"", ""scope"": ""gmail.send"", ""status"": null, ""type"": ""residual_capability""}, {""action"": null, ""authority_source_id"": null, ""delegation_path"": [], ""effect_id"": null, ""path_status"": null, ""principal_id"": ""agent-a"", ""principal_path"": [], ""resource"": ""gmail"", ""scope"": null, ""status"": ""off"", ""type"": ""target_permission""}]","[{""action"": null, ""authority_source_id"": null, ""delegation_path"": [], ""effect_id"": null, ""path_status"": null, ""principal_id"": ""agent-a"", ""principal_path"": [], ""resource"": ""gmail"", ""scope"": null, ""status"": ""off"", ""type"": ""target_permission""}]","[{""action"": ""email.send"", ""authority_source_id"": ""g-human-agent-a-gmail.send"", ""delegation_path"": [], ""effect_id"": ""e-s026_queued_send_residual_depth3-email"", ""path_status"": null, ""principal_id"": ""agent-a"", ""principal_path"": [], ""resource"": ""gmail"", ""scope"": ""gmail.send"", ""status"": ""queued"", ""type"": ""pending_effect""}, {""action"": ""send"", ""authority_source_id"": ""g-human-agent-a-gmail.send"", ""delegation_path"": [""d-agent-a-agent-b-gmail.send""], ""effect_id"": null, ""path_status"": ""residual"", ""principal_id"": ""agent-b"", ""principal_path"": [""human"", ""agent-a"", ""agent-b""], ""resource"": ""gmail"", ""scope"": ""gmail.send"", ""status"": null, ""type"": ""residual_capability""}, {""action"": ""send"", ""authority_source_id"": ""g-human-agent-a-gmail.send"", ""delegation_path"": [""d-agent-a-agent-b-gmail.send"", ""d-agent-b-agent-c-gmail.send""], ""effect_id"": null, ""path_status"": ""residual"", ""principal_id"": ""agent-c"", ""principal_path"": [""human"", ""agent-a"", ""agent-b"", ""agent-c""], ""resource"": ""gmail"", ""scope"": ""gmail.send"", ""status"": null, ""type"": ""residual_capability""}, {""action"": ""send"", ""authority_source_id"": ""g-human-agent-a-gmail.send"", ""delegation_path"": [""d-agent-a-agent-b-gmail.send"", ""d-agent-b-agent-c-gmail.send"", ""d-agent-c-agent-d-gmail.send""], ""effect_id"": null, ""path_status"": ""residual"", ""principal_id"": ""agent-d"", ""principal_path"": [""human"", ""agent-a"", ""agent-b"", ""agent-c"", ""agent-d""], ""resource"": ""gmail"", ""scope"": ""gmail.send"", ""status"": null, ""type"": ""residual_capability""}, {""action"": null, ""authority_source_id"": null, ""delegation_path"": [], ""effect_id"": null, ""path_status"": null, ""principal_id"": ""agent-a"", ""principal_path"": [], ""resource"": ""gmail"", ""scope"": null, ""status"": ""off"", ""type"": ""target_permission""}]",1,5,0.2,5,5,1.0,"[{""action"": ""email.send"", ""authority_source_id"": ""g-human-agent-a-gmail.send"", ""delegation_path"": [], ""effect_id"": ""e-s026_queued_send_residual_depth3-email"", ""path_status"": null, ""principal_id"": ""agent-a"", ""principal_path"": [], ""resource"": ""gmail"", ""scope"": ""gmail.send"", ""status"": ""queued"", ""type"": ""pending_effect""}, {""action"": ""send"", ""authority_source_id"": ""g-human-agent-a-gmail.send"", ""delegation_path"": [""d-agent-a-agent-b-gmail.send""], ""effect_id"": null, ""path_status"": ""residual"", ""principal_id"": ""agent-b"", ""principal_path"": [""human"", ""agent-a"", ""agent-b""], ""resource"": ""gmail"", ""scope"": ""gmail.send"", ""status"": null, ""type"": ""residual_capability""}, {""action"": ""send"", ""authority_source_id"": ""g-human-agent-a-gmail.send"", ""delegation_path"": [""d-agent-a-agent-b-gmail.send"", ""d-agent-b-agent-c-gmail.send""], ""effect_id"": null, ""path_status"": ""residual"", ""principal_id"": ""agent-c"", ""principal_path"": [""human"", ""agent-a"", ""agent-b"", ""agent-c""], ""resource"": ""gmail"", ""scope"": ""gmail.send"", ""status"": null, ""type"": ""residual_capability""}, {""action"": ""send"", ""authority_source_id"": ""g-human-agent-a-gmail.send"", ""delegation_path"": [""d-agent-a-agent-b-gmail.send"", ""d-agent-b-agent-c-gmail.send"", ""d-agent-c-agent-d-gmail.send""], ""effect_id"": null, ""path_status"": ""residual"", ""principal_id"": ""agent-d"", ""principal_path"": [""human"", ""agent-a"", ""agent-b"", ""agent-c"", ""agent-d""], ""resource"": ""gmail"", ""scope"": ""gmail.send"", ""status"": null, ""type"": ""residual_capability""}]",[]
S027_external_leaf_depth1_confirmed_active_read,An external leaf at delegation depth 1 is confirmed_active after root revocation.,AFTER_ACTION,True,ELIGIBLE_AFTER_ACTION,agent-a,Gmail,revoke,"[{""action"": ""read"", ""authority_source_id"": ""g-human-agent-a-gmail.read"", ""delegation_path"": [""d-agent-a-external-c-gmail.read""], ""effect_id"": null, ""path_status"": ""residual"", ""principal_id"": ""external-c"", ""principal_path"": [""human"", ""agent-a"", ""external-c""], ""resource"": ""gmail"", ""scope"": ""gmail.read"", ""status"": null, ""type"": ""residual_capability""}, {""action"": null, ""authority_source_id"": null, ""delegation_path"": [], ""effect_id"": null, ""path_status"": null, ""principal_id"": ""agent-a"", ""principal_path"": [], ""resource"": ""gmail"", ""scope"": null, ""status"": ""off"", ""type"": ""target_permission""}]","[{""action"": null, ""authority_source_id"": null, ""delegation_path"": [], ""effect_id"": null, ""path_status"": null, ""principal_id"": ""agent-a"", ""principal_path"": [], ""resource"": ""gmail"", ""scope"": null, ""status"": ""off"", ""type"": ""target_permission""}]","[{""action"": ""read"", ""authority_source_id"": ""g-human-agent-a-gmail.read"", ""delegation_path"": [""d-agent-a-external-c-gmail.read""], ""effect_id"": null, ""path_status"": ""residual"", ""principal_id"": ""external-c"", ""principal_path"": [""human"", ""agent-a"", ""external-c""], ""resource"": ""gmail"", ""scope"": ""gmail.read"", ""status"": null, ""type"": ""residual_capability""}, {""action"": null, ""authority_source_id"": null, ""delegation_path"": [], ""effect_id"": null, ""path_status"": null, ""principal_id"": ""agent-a"", ""principal_path"": [], ""resource"": ""gmail"", ""scope"": null, ""status"": ""off"", ""type"": ""target_permission""}]",1,2,0.5,2,2,1.0,"[{""action"": ""read"", ""authority_source_id"": ""g-human-agent-a-gmail.read"", ""delegation_path"": [""d-agent-a-external-c-gmail.read""], ""effect_id"": null, ""path_status"": ""residual"", ""principal_id"": ""external-c"", ""principal_path"": [""human"", ""agent-a"", ""external-c""], ""resource"": ""gmail"", ""scope"": ""gmail.read"", ""status"": null, ""type"": ""residual_capability""}]",[]
S028_external_leaf_depth1_confirmed_active_send,An external leaf at delegation depth 1 is confirmed_active after root revocation.,AFTER_ACTION,True,ELIGIBLE_AFTER_ACTION,agent-a,Gmail,revoke,"[{""action"": ""send"", ""authority_source_id"": ""g-human-agent-a-gmail.send"", ""delegation_path"": [""d-agent-a-external-c-gmail.send""], ""effect_id"": null, ""path_status"": ""residual"", ""principal_id"": ""external-c"", ""principal_path"": [""human"", ""agent-a"", ""external-c""], ""resource"": ""gmail"", ""scope"": ""gmail.send"", ""status"": null, ""type"": ""residual_capability""}, {""action"": null, ""authority_source_id"": null, ""delegation_path"": [], ""effect_id"": null, ""path_status"": null, ""principal_id"": ""agent-a"", ""principal_path"": [], ""resource"": ""gmail"", ""scope"": null, ""status"": ""off"", ""type"": ""target_permission""}]","[{""action"": null, ""authority_source_id"": null, ""delegation_path"": [], ""effect_id"": null, ""path_status"": null, ""principal_id"": ""agent-a"", ""principal_path"": [], ""resource"": ""gmail"", ""scope"": null, ""status"": ""off"", ""type"": ""target_permission""}]","[{""action"": ""send"", ""authority_source_id"": ""g-human-agent-a-gmail.send"", ""delegation_path"": [""d-agent-a-external-c-gmail.send""], ""effect_id"": null, ""path_status"": ""residual"", ""principal_id"": ""external-c"", ""principal_path"": [""human"", ""agent-a"", ""external-c""], ""resource"": ""gmail"", ""scope"": ""gmail.send"", ""status"": null, ""type"": ""residual_capability""}, {""action"": null, ""authority_source_id"": null, ""delegation_path"": [], ""effect_id"": null, ""path_status"": null, ""principal_id"": ""agent-a"", ""principal_path"": [], ""resource"": ""gmail"", ""scope"": null, ""status"": ""off"", ""type"": ""target_permission""}]",1,2,0.5,2,2,1.0,"[{""action"": ""send"", ""authority_source_id"": ""g-human-agent-a-gmail.send"", ""delegation_path"": [""d-agent-a-external-c-gmail.send""], ""effect_id"": null, ""path_status"": ""residual"", ""principal_id"": ""external-c"", ""principal_path"": [""human"", ""agent-a"", ""external-c""], ""resource"": ""gmail"", ""scope"": ""gmail.send"", ""status"": null, ""type"": ""residual_capability""}]",[]
S029_external_leaf_depth1_confirmed_revoked_read,An external leaf at delegation depth 1 is confirmed_revoked after root revocation.,AFTER_ACTION,True,ELIGIBLE_AFTER_ACTION,agent-a,Gmail,revoke,"[{""action"": null, ""authority_source_id"": null, ""delegation_path"": [], ""effect_id"": null, ""path_status"": null, ""principal_id"": null, ""principal_path"": [], ""resource"": ""gmail"", ""scope"": null, ""status"": null, ""type"": ""complete_revocation""}, {""action"": null, ""authority_source_id"": null, ""delegation_path"": [], ""effect_id"": null, ""path_status"": null, ""principal_id"": ""agent-a"", ""principal_path"": [], ""resource"": ""gmail"", ""scope"": null, ""status"": ""off"", ""type"": ""target_permission""}]","[{""action"": null, ""authority_source_id"": null, ""delegation_path"": [], ""effect_id"": null, ""path_status"": null, ""principal_id"": ""agent-a"", ""principal_path"": [], ""resource"": ""gmail"", ""scope"": null, ""status"": ""off"", ""type"": ""target_permission""}]","[{""action"": null, ""authority_source_id"": null, ""delegation_path"": [], ""effect_id"": null, ""path_status"": null, ""principal_id"": null, ""principal_path"": [], ""resource"": ""gmail"", ""scope"": null, ""status"": null, ""type"": ""complete_revocation""}, {""action"": null, ""authority_source_id"": null, ""delegation_path"": [], ""effect_id"": null, ""path_status"": null, ""principal_id"": ""agent-a"", ""principal_path"": [], ""resource"": ""gmail"", ""scope"": null, ""status"": ""off"", ""type"": ""target_permission""}]",1,2,0.5,2,2,1.0,[],[]
S030_external_leaf_depth1_confirmed_revoked_send,An external leaf at delegation depth 1 is confirmed_revoked after root revocation.,AFTER_ACTION,True,ELIGIBLE_AFTER_ACTION,agent-a,Gmail,revoke,"[{""action"": null, ""authority_source_id"": null, ""delegation_path"": [], ""effect_id"": null, ""path_status"": null, ""principal_id"": null, ""principal_path"": [], ""resource"": ""gmail"", ""scope"": null, ""status"": null, ""type"": ""complete_revocation""}, {""action"": null, ""authority_source_id"": null, ""delegation_path"": [], ""effect_id"": null, ""path_status"": null, ""principal_id"": ""agent-a"", ""principal_path"": [], ""resource"": ""gmail"", ""scope"": null, ""status"": ""off"", ""type"": ""target_permission""}]","[{""action"": null, ""authority_source_id"": null, ""delegation_path"": [], ""effect_id"": null, ""path_status"": null, ""principal_id"": ""agent-a"", ""principal_path"": [], ""resource"": ""gmail"", ""scope"": null, ""status"": ""off"", ""type"": ""target_permission""}]","[{""action"": null, ""authority_source_id"": null, ""delegation_path"": [], ""effect_id"": null, ""path_status"": null, ""principal_id"": null, ""principal_path"": [], ""resource"": ""gmail"", ""scope"": null, ""status"": null, ""type"": ""complete_revocation""}, {""action"": null, ""authority_source_id"": null, ""delegation_path"": [], ""effect_id"": null, ""path_status"": null, ""principal_id"": ""agent-a"", ""principal_path"": [], ""resource"": ""gmail"", ""scope"": null, ""status"": ""off"", ""type"": ""target_permission""}]",1,2,0.5,2,2,1.0,[],[]
S031_external_leaf_depth1_unknown_send,An external leaf at delegation depth 1 is unknown after root revocation.,AFTER_ACTION,True,ELIGIBLE_AFTER_ACTION,agent-a,Gmail,revoke,"[{""action"": null, ""authority_source_id"": null, ""delegation_path"": [], ""effect_id"": null, ""path_status"": null, ""principal_id"": ""agent-a"", ""principal_path"": [], ""resource"": ""gmail"", ""scope"": null, ""status"": ""off"", ""type"": ""target_permission""}, {""action"": ""send"", ""authority_source_id"": ""g-human-agent-a-gmail.send"", ""delegation_path"": [""d-agent-a-external-c-gmail.send""], ""effect_id"": null, ""path_status"": ""uncertain"", ""principal_id"": ""external-c"", ""principal_path"": [""human"", ""agent-a"", ""external-c""], ""resource"": ""gmail"", ""scope"": ""gmail.send"", ""status"": null, ""type"": ""unknown_authority""}]","[{""action"": null, ""authority_source_id"": null, ""delegation_path"": [], ""effect_id"": null, ""path_status"": null, ""principal_id"": ""agent-a"", ""principal_path"": [], ""resource"": ""gmail"", ""scope"": null, ""status"": ""off"", ""type"": ""target_permission""}]","[{""action"": null, ""authority_source_id"": null, ""delegation_path"": [], ""effect_id"": null, ""path_status"": null, ""principal_id"": ""agent-a"", ""principal_path"": [], ""resource"": ""gmail"", ""scope"": null, ""status"": ""off"", ""type"": ""target_permission""}, {""action"": ""send"", ""authority_source_id"": ""g-human-agent-a-gmail.send"", ""delegation_path"": [""d-agent-a-external-c-gmail.send""], ""effect_id"": null, ""path_status"": ""uncertain"", ""principal_id"": ""external-c"", ""principal_path"": [""human"", ""agent-a"", ""external-c""], ""resource"": ""gmail"", ""scope"": ""gmail.send"", ""status"": null, ""type"": ""unknown_authority""}]",1,2,0.5,2,2,1.0,"[{""action"": ""send"", ""authority_source_id"": ""g-human-agent-a-gmail.send"", ""delegation_path"": [""d-agent-a-external-c-gmail.send""], ""effect_id"": null, ""path_status"": ""uncertain"", ""principal_id"": ""external-c"", ""principal_path"": [""human"", ""agent-a"", ""external-c""], ""resource"": ""gmail"", ""scope"": ""gmail.send"", ""status"": null, ""type"": ""unknown_authority""}]",[]
S032_external_leaf_depth2_confirmed_active_read,An external leaf at delegation depth 2 is confirmed_active after root revocation.,AFTER_ACTION,True,ELIGIBLE_AFTER_ACTION,agent-a,Gmail,revoke,"[{""action"": ""read"", ""authority_source_id"": ""g-human-agent-a-gmail.read"", ""delegation_path"": [""d-agent-a-agent-b-gmail.read""], ""effect_id"": null, ""path_status"": ""residual"", ""principal_id"": ""agent-b"", ""principal_path"": [""human"", ""agent-a"", ""agent-b""], ""resource"": ""gmail"", ""scope"": ""gmail.read"", ""status"": null, ""type"": ""residual_capability""}, {""action"": ""read"", ""authority_source_id"": ""g-human-agent-a-gmail.read"", ""delegation_path"": [""d-agent-a-agent-b-gmail.read"", ""d-agent-b-external-c-gmail.read""], ""effect_id"": null, ""path_status"": ""residual"", ""principal_id"": ""external-c"", ""principal_path"": [""human"", ""agent-a"", ""agent-b"", ""external-c""], ""resource"": ""gmail"", ""scope"": ""gmail.read"", ""status"": null, ""type"": ""residual_capability""}, {""action"": null, ""authority_source_id"": null, ""delegation_path"": [], ""effect_id"": null, ""path_status"": null, ""principal_id"": ""agent-a"", ""principal_path"": [], ""resource"": ""gmail"", ""scope"": null, ""status"": ""off"", ""type"": ""target_permission""}]","[{""action"": null, ""authority_source_id"": null, ""delegation_path"": [], ""effect_id"": null, ""path_status"": null, ""principal_id"": ""agent-a"", ""principal_path"": [], ""resource"": ""gmail"", ""scope"": null, ""status"": ""off"", ""type"": ""target_permission""}]","[{""action"": ""read"", ""authority_source_id"": ""g-human-agent-a-gmail.read"", ""delegation_path"": [""d-agent-a-agent-b-gmail.read""], ""effect_id"": null, ""path_status"": ""residual"", ""principal_id"": ""agent-b"", ""principal_path"": [""human"", ""agent-a"", ""agent-b""], ""resource"": ""gmail"", ""scope"": ""gmail.read"", ""status"": null, ""type"": ""residual_capability""}, {""action"": ""read"", ""authority_source_id"": ""g-human-agent-a-gmail.read"", ""delegation_path"": [""d-agent-a-agent-b-gmail.read"", ""d-agent-b-external-c-gmail.read""], ""effect_id"": null, ""path_status"": ""residual"", ""principal_id"": ""external-c"", ""principal_path"": [""human"", ""agent-a"", ""agent-b"", ""external-c""], ""resource"": ""gmail"", ""scope"": ""gmail.read"", ""status"": null, ""type"": ""residual_capability""}, {""action"": null, ""authority_source_id"": null, ""delegation_path"": [], ""effect_id"": null, ""path_status"": null, ""principal_id"": ""agent-a"", ""principal_path"": [], ""resource"": ""gmail"", ""scope"": null, ""status"": ""off"", ""type"": ""target_permission""}]",1,3,0.3333333333333333,3,3,1.0,"[{""action"": ""read"", ""authority_source_id"": ""g-human-agent-a-gmail.read"", ""delegation_path"": [""d-agent-a-agent-b-gmail.read""], ""effect_id"": null, ""path_status"": ""residual"", ""principal_id"": ""agent-b"", ""principal_path"": [""human"", ""agent-a"", ""agent-b""], ""resource"": ""gmail"", ""scope"": ""gmail.read"", ""status"": null, ""type"": ""residual_capability""}, {""action"": ""read"", ""authority_source_id"": ""g-human-agent-a-gmail.read"", ""delegation_path"": [""d-agent-a-agent-b-gmail.read"", ""d-agent-b-external-c-gmail.read""], ""effect_id"": null, ""path_status"": ""residual"", ""principal_id"": ""external-c"", ""principal_path"": [""human"", ""agent-a"", ""agent-b"", ""external-c""], ""resource"": ""gmail"", ""scope"": ""gmail.read"", ""status"": null, ""type"": ""residual_capability""}]",[]
S033_external_leaf_depth2_confirmed_active_send,An external leaf at delegation depth 2 is confirmed_active after root revocation.,AFTER_ACTION,True,ELIGIBLE_AFTER_ACTION,agent-a,Gmail,revoke,"[{""action"": ""send"", ""authority_source_id"": ""g-human-agent-a-gmail.send"", ""delegation_path"": [""d-agent-a-agent-b-gmail.send""], ""effect_id"": null, ""path_status"": ""residual"", ""principal_id"": ""agent-b"", ""principal_path"": [""human"", ""agent-a"", ""agent-b""], ""resource"": ""gmail"", ""scope"": ""gmail.send"", ""status"": null, ""type"": ""residual_capability""}, {""action"": ""send"", ""authority_source_id"": ""g-human-agent-a-gmail.send"", ""delegation_path"": [""d-agent-a-agent-b-gmail.send"", ""d-agent-b-external-c-gmail.send""], ""effect_id"": null, ""path_status"": ""residual"", ""principal_id"": ""external-c"", ""principal_path"": [""human"", ""agent-a"", ""agent-b"", ""external-c""], ""resource"": ""gmail"", ""scope"": ""gmail.send"", ""status"": null, ""type"": ""residual_capability""}, {""action"": null, ""authority_source_id"": null, ""delegation_path"": [], ""effect_id"": null, ""path_status"": null, ""principal_id"": ""agent-a"", ""principal_path"": [], ""resource"": ""gmail"", ""scope"": null, ""status"": ""off"", ""type"": ""target_permission""}]","[{""action"": null, ""authority_source_id"": null, ""delegation_path"": [], ""effect_id"": null, ""path_status"": null, ""principal_id"": ""agent-a"", ""principal_path"": [], ""resource"": ""gmail"", ""scope"": null, ""status"": ""off"", ""type"": ""target_permission""}]","[{""action"": ""send"", ""authority_source_id"": ""g-human-agent-a-gmail.send"", ""delegation_path"": [""d-agent-a-agent-b-gmail.send""], ""effect_id"": null, ""path_status"": ""residual"", ""principal_id"": ""agent-b"", ""principal_path"": [""human"", ""agent-a"", ""agent-b""], ""resource"": ""gmail"", ""scope"": ""gmail.send"", ""status"": null, ""type"": ""residual_capability""}, {""action"": ""send"", ""authority_source_id"": ""g-human-agent-a-gmail.send"", ""delegation_path"": [""d-agent-a-agent-b-gmail.send"", ""d-agent-b-external-c-gmail.send""], ""effect_id"": null, ""path_status"": ""residual"", ""principal_id"": ""external-c"", ""principal_path"": [""human"", ""agent-a"", ""agent-b"", ""external-c""], ""resource"": ""gmail"", ""scope"": ""gmail.send"", ""status"": null, ""type"": ""residual_capability""}, {""action"": null, ""authority_source_id"": null, ""delegation_path"": [], ""effect_id"": null, ""path_status"": null, ""principal_id"": ""agent-a"", ""principal_path"": [], ""resource"": ""gmail"", ""scope"": null, ""status"": ""off"", ""type"": ""target_permission""}]",1,3,0.3333333333333333,3,3,1.0,"[{""action"": ""send"", ""authority_source_id"": ""g-human-agent-a-gmail.send"", ""delegation_path"": [""d-agent-a-agent-b-gmail.send""], ""effect_id"": null, ""path_status"": ""residual"", ""principal_id"": ""agent-b"", ""principal_path"": [""human"", ""agent-a"", ""agent-b""], ""resource"": ""gmail"", ""scope"": ""gmail.send"", ""status"": null, ""type"": ""residual_capability""}, {""action"": ""send"", ""authority_source_id"": ""g-human-agent-a-gmail.send"", ""delegation_path"": [""d-agent-a-agent-b-gmail.send"", ""d-agent-b-external-c-gmail.send""], ""effect_id"": null, ""path_status"": ""residual"", ""principal_id"": ""external-c"", ""principal_path"": [""human"", ""agent-a"", ""agent-b"", ""external-c""], ""resource"": ""gmail"", ""scope"": ""gmail.send"", ""status"": null, ""type"": ""residual_capability""}]",[]
S034_external_leaf_depth2_confirmed_revoked_read,An external leaf at delegation depth 2 is confirmed_revoked after root revocation.,AFTER_ACTION,True,ELIGIBLE_AFTER_ACTION,agent-a,Gmail,revoke,"[{""action"": ""read"", ""authority_source_id"": ""g-human-agent-a-gmail.read"", ""delegation_path"": [""d-agent-a-agent-b-gmail.read""], ""effect_id"": null, ""path_status"": ""residual"", ""principal_id"": ""agent-b"", ""principal_path"": [""human"", ""agent-a"", ""agent-b""], ""resource"": ""gmail"", ""scope"": ""gmail.read"", ""status"": null, ""type"": ""residual_capability""}, {""action"": null, ""authority_source_id"": null, ""delegation_path"": [], ""effect_id"": null, ""path_status"": null, ""principal_id"": ""agent-a"", ""principal_path"": [], ""resource"": ""gmail"", ""scope"": null, ""status"": ""off"", ""type"": ""target_permission""}]","[{""action"": null, ""authority_source_id"": null, ""delegation_path"": [], ""effect_id"": null, ""path_status"": null, ""principal_id"": ""agent-a"", ""principal_path"": [], ""resource"": ""gmail"", ""scope"": null, ""status"": ""off"", ""type"": ""target_permission""}]","[{""action"": ""read"", ""authority_source_id"": ""g-human-agent-a-gmail.read"", ""delegation_path"": [""d-agent-a-agent-b-gmail.read""], ""effect_id"": null, ""path_status"": ""residual"", ""principal_id"": ""agent-b"", ""principal_path"": [""human"", ""agent-a"", ""agent-b""], ""resource"": ""gmail"", ""scope"": ""gmail.read"", ""status"": null, ""type"": ""residual_capability""}, {""action"": null, ""authority_source_id"": null, ""delegation_path"": [], ""effect_id"": null, ""path_status"": null, ""principal_id"": ""agent-a"", ""principal_path"": [], ""resource"": ""gmail"", ""scope"": null, ""status"": ""off"", ""type"": ""target_permission""}]",1,2,0.5,2,2,1.0,"[{""action"": ""read"", ""authority_source_id"": ""g-human-agent-a-gmail.read"", ""delegation_path"": [""d-agent-a-agent-b-gmail.read""], ""effect_id"": null, ""path_status"": ""residual"", ""principal_id"": ""agent-b"", ""principal_path"": [""human"", ""agent-a"", ""agent-b""], ""resource"": ""gmail"", ""scope"": ""gmail.read"", ""status"": null, ""type"": ""residual_capability""}]",[]
S035_external_leaf_depth2_confirmed_revoked_send,An external leaf at delegation depth 2 is confirmed_revoked after root revocation.,AFTER_ACTION,True,ELIGIBLE_AFTER_ACTION,agent-a,Gmail,revoke,"[{""action"": ""send"", ""authority_source_id"": ""g-human-agent-a-gmail.send"", ""delegation_path"": [""d-agent-a-agent-b-gmail.send""], ""effect_id"": null, ""path_status"": ""residual"", ""principal_id"": ""agent-b"", ""principal_path"": [""human"", ""agent-a"", ""agent-b""], ""resource"": ""gmail"", ""scope"": ""gmail.send"", ""status"": null, ""type"": ""residual_capability""}, {""action"": null, ""authority_source_id"": null, ""delegation_path"": [], ""effect_id"": null, ""path_status"": null, ""principal_id"": ""agent-a"", ""principal_path"": [], ""resource"": ""gmail"", ""scope"": null, ""status"": ""off"", ""type"": ""target_permission""}]","[{""action"": null, ""authority_source_id"": null, ""delegation_path"": [], ""effect_id"": null, ""path_status"": null, ""principal_id"": ""agent-a"", ""principal_path"": [], ""resource"": ""gmail"", ""scope"": null, ""status"": ""off"", ""type"": ""target_permission""}]","[{""action"": ""send"", ""authority_source_id"": ""g-human-agent-a-gmail.send"", ""delegation_path"": [""d-agent-a-agent-b-gmail.send""], ""effect_id"": null, ""path_status"": ""residual"", ""principal_id"": ""agent-b"", ""principal_path"": [""human"", ""agent-a"", ""agent-b""], ""resource"": ""gmail"", ""scope"": ""gmail.send"", ""status"": null, ""type"": ""residual_capability""}, {""action"": null, ""authority_source_id"": null, ""delegation_path"": [], ""effect_id"": null, ""path_status"": null, ""principal_id"": ""agent-a"", ""principal_path"": [], ""resource"": ""gmail"", ""scope"": null, ""status"": ""off"", ""type"": ""target_permission""}]",1,2,0.5,2,2,1.0,"[{""action"": ""send"", ""authority_source_id"": ""g-human-agent-a-gmail.send"", ""delegation_path"": [""d-agent-a-agent-b-gmail.send""], ""effect_id"": null, ""path_status"": ""residual"", ""principal_id"": ""agent-b"", ""principal_path"": [""human"", ""agent-a"", ""agent-b""], ""resource"": ""gmail"", ""scope"": ""gmail.send"", ""status"": null, ""type"": ""residual_capability""}]",[]
S036_external_leaf_depth2_unknown_read,An external leaf at delegation depth 2 is unknown after root revocation.,AFTER_ACTION,True,ELIGIBLE_AFTER_ACTION,agent-a,Gmail,revoke,"[{""action"": ""read"", ""authority_source_id"": ""g-human-agent-a-gmail.read"", ""delegation_path"": [""d-agent-a-agent-b-gmail.read""], ""effect_id"": null, ""path_status"": ""residual"", ""principal_id"": ""agent-b"", ""principal_path"": [""human"", ""agent-a"", ""agent-b""], ""resource"": ""gmail"", ""scope"": ""gmail.read"", ""status"": null, ""type"": ""residual_capability""}, {""action"": null, ""authority_source_id"": null, ""delegation_path"": [], ""effect_id"": null, ""path_status"": null, ""principal_id"": ""agent-a"", ""principal_path"": [], ""resource"": ""gmail"", ""scope"": null, ""status"": ""off"", ""type"": ""target_permission""}, {""action"": ""read"", ""authority_source_id"": ""g-human-agent-a-gmail.read"", ""delegation_path"": [""d-agent-a-agent-b-gmail.read"", ""d-agent-b-external-c-gmail.read""], ""effect_id"": null, ""path_status"": ""uncertain"", ""principal_id"": ""external-c"", ""principal_path"": [""human"", ""agent-a"", ""agent-b"", ""external-c""], ""resource"": ""gmail"", ""scope"": ""gmail.read"", ""status"": null, ""type"": ""unknown_authority""}]","[{""action"": null, ""authority_source_id"": null, ""delegation_path"": [], ""effect_id"": null, ""path_status"": null, ""principal_id"": ""agent-a"", ""principal_path"": [], ""resource"": ""gmail"", ""scope"": null, ""status"": ""off"", ""type"": ""target_permission""}]","[{""action"": ""read"", ""authority_source_id"": ""g-human-agent-a-gmail.read"", ""delegation_path"": [""d-agent-a-agent-b-gmail.read""], ""effect_id"": null, ""path_status"": ""residual"", ""principal_id"": ""agent-b"", ""principal_path"": [""human"", ""agent-a"", ""agent-b""], ""resource"": ""gmail"", ""scope"": ""gmail.read"", ""status"": null, ""type"": ""residual_capability""}, {""action"": null, ""authority_source_id"": null, ""delegation_path"": [], ""effect_id"": null, ""path_status"": null, ""principal_id"": ""agent-a"", ""principal_path"": [], ""resource"": ""gmail"", ""scope"": null, ""status"": ""off"", ""type"": ""target_permission""}, {""action"": ""read"", ""authority_source_id"": ""g-human-agent-a-gmail.read"", ""delegation_path"": [""d-agent-a-agent-b-gmail.read"", ""d-agent-b-external-c-gmail.read""], ""effect_id"": null, ""path_status"": ""uncertain"", ""principal_id"": ""external-c"", ""principal_path"": [""human"", ""agent-a"", ""agent-b"", ""external-c""], ""resource"": ""gmail"", ""scope"": ""gmail.read"", ""status"": null, ""type"": ""unknown_authority""}]",1,3,0.3333333333333333,3,3,1.0,"[{""action"": ""read"", ""authority_source_id"": ""g-human-agent-a-gmail.read"", ""delegation_path"": [""d-agent-a-agent-b-gmail.read""], ""effect_id"": null, ""path_status"": ""residual"", ""principal_id"": ""agent-b"", ""principal_path"": [""human"", ""agent-a"", ""agent-b""], ""resource"": ""gmail"", ""scope"": ""gmail.read"", ""status"": null, ""type"": ""residual_capability""}, {""action"": ""read"", ""authority_source_id"": ""g-human-agent-a-gmail.read"", ""delegation_path"": [""d-agent-a-agent-b-gmail.read"", ""d-agent-b-external-c-gmail.read""], ""effect_id"": null, ""path_status"": ""uncertain"", ""principal_id"": ""external-c"", ""principal_path"": [""human"", ""agent-a"", ""agent-b"", ""external-c""], ""resource"": ""gmail"", ""scope"": ""gmail.read"", ""status"": null, ""type"": ""unknown_authority""}]",[]
S037_external_leaf_depth2_unknown_send,An external leaf at delegation depth 2 is unknown after root revocation.,AFTER_ACTION,True,ELIGIBLE_AFTER_ACTION,agent-a,Gmail,revoke,"[{""action"": ""send"", ""authority_source_id"": ""g-human-agent-a-gmail.send"", ""delegation_path"": [""d-agent-a-agent-b-gmail.send""], ""effect_id"": null, ""path_status"": ""residual"", ""principal_id"": ""agent-b"", ""principal_path"": [""human"", ""agent-a"", ""agent-b""], ""resource"": ""gmail"", ""scope"": ""gmail.send"", ""status"": null, ""type"": ""residual_capability""}, {""action"": null, ""authority_source_id"": null, ""delegation_path"": [], ""effect_id"": null, ""path_status"": null, ""principal_id"": ""agent-a"", ""principal_path"": [], ""resource"": ""gmail"", ""scope"": null, ""status"": ""off"", ""type"": ""target_permission""}, {""action"": ""send"", ""authority_source_id"": ""g-human-agent-a-gmail.send"", ""delegation_path"": [""d-agent-a-agent-b-gmail.send"", ""d-agent-b-external-c-gmail.send""], ""effect_id"": null, ""path_status"": ""uncertain"", ""principal_id"": ""external-c"", ""principal_path"": [""human"", ""agent-a"", ""agent-b"", ""external-c""], ""resource"": ""gmail"", ""scope"": ""gmail.send"", ""status"": null, ""type"": ""unknown_authority""}]","[{""action"": null, ""authority_source_id"": null, ""delegation_path"": [], ""effect_id"": null, ""path_status"": null, ""principal_id"": ""agent-a"", ""principal_path"": [], ""resource"": ""gmail"", ""scope"": null, ""status"": ""off"", ""type"": ""target_permission""}]","[{""action"": ""send"", ""authority_source_id"": ""g-human-agent-a-gmail.send"", ""delegation_path"": [""d-agent-a-agent-b-gmail.send""], ""effect_id"": null, ""path_status"": ""residual"", ""principal_id"": ""agent-b"", ""principal_path"": [""human"", ""agent-a"", ""agent-b""], ""resource"": ""gmail"", ""scope"": ""gmail.send"", ""status"": null, ""type"": ""residual_capability""}, {""action"": null, ""authority_source_id"": null, ""delegation_path"": [], ""effect_id"": null, ""path_status"": null, ""principal_id"": ""agent-a"", ""principal_path"": [], ""resource"": ""gmail"", ""scope"": null, ""status"": ""off"", ""type"": ""target_permission""}, {""action"": ""send"", ""authority_source_id"": ""g-human-agent-a-gmail.send"", ""delegation_path"": [""d-agent-a-agent-b-gmail.send"", ""d-agent-b-external-c-gmail.send""], ""effect_id"": null, ""path_status"": ""uncertain"", ""principal_id"": ""external-c"", ""principal_path"": [""human"", ""agent-a"", ""agent-b"", ""external-c""], ""resource"": ""gmail"", ""scope"": ""gmail.send"", ""status"": null, ""type"": ""unknown_authority""}]",1,3,0.3333333333333333,3,3,1.0,"[{""action"": ""send"", ""authority_source_id"": ""g-human-agent-a-gmail.send"", ""delegation_path"": [""d-agent-a-agent-b-gmail.send""], ""effect_id"": null, ""path_status"": ""residual"", ""principal_id"": ""agent-b"", ""principal_path"": [""human"", ""agent-a"", ""agent-b""], ""resource"": ""gmail"", ""scope"": ""gmail.send"", ""status"": null, ""type"": ""residual_capability""}, {""action"": ""send"", ""authority_source_id"": ""g-human-agent-a-gmail.send"", ""delegation_path"": [""d-agent-a-agent-b-gmail.send"", ""d-agent-b-external-c-gmail.send""], ""effect_id"": null, ""path_status"": ""uncertain"", ""principal_id"": ""external-c"", ""principal_path"": [""human"", ""agent-a"", ""agent-b"", ""external-c""], ""resource"": ""gmail"", ""scope"": ""gmail.send"", ""status"": null, ""type"": ""unknown_authority""}]",[]
S038_external_middle_confirmed_active_read,External Agent C is confirmed_active in the middle of a read path to Agent D.,AFTER_ACTION,True,ELIGIBLE_AFTER_ACTION,agent-a,Gmail,revoke,"[{""action"": ""read"", ""authority_source_id"": ""g-human-agent-a-gmail.read"", ""delegation_path"": [""d-agent-a-external-c-gmail.read"", ""d-external-c-agent-d-gmail.read""], ""effect_id"": null, ""path_status"": ""residual"", ""principal_id"": ""agent-d"", ""principal_path"": [""human"", ""agent-a"", ""external-c"", ""agent-d""], ""resource"": ""gmail"", ""scope"": ""gmail.read"", ""status"": null, ""type"": ""residual_capability""}, {""action"": ""read"", ""authority_source_id"": ""g-human-agent-a-gmail.read"", ""delegation_path"": [""d-agent-a-external-c-gmail.read""], ""effect_id"": null, ""path_status"": ""residual"", ""principal_id"": ""external-c"", ""principal_path"": [""human"", ""agent-a"", ""external-c""], ""resource"": ""gmail"", ""scope"": ""gmail.read"", ""status"": null, ""type"": ""residual_capability""}, {""action"": null, ""authority_source_id"": null, ""delegation_path"": [], ""effect_id"": null, ""path_status"": null, ""principal_id"": ""agent-a"", ""principal_path"": [], ""resource"": ""gmail"", ""scope"": null, ""status"": ""off"", ""type"": ""target_permission""}]","[{""action"": null, ""authority_source_id"": null, ""delegation_path"": [], ""effect_id"": null, ""path_status"": null, ""principal_id"": ""agent-a"", ""principal_path"": [], ""resource"": ""gmail"", ""scope"": null, ""status"": ""off"", ""type"": ""target_permission""}]","[{""action"": ""read"", ""authority_source_id"": ""g-human-agent-a-gmail.read"", ""delegation_path"": [""d-agent-a-external-c-gmail.read"", ""d-external-c-agent-d-gmail.read""], ""effect_id"": null, ""path_status"": ""residual"", ""principal_id"": ""agent-d"", ""principal_path"": [""human"", ""agent-a"", ""external-c"", ""agent-d""], ""resource"": ""gmail"", ""scope"": ""gmail.read"", ""status"": null, ""type"": ""residual_capability""}, {""action"": ""read"", ""authority_source_id"": ""g-human-agent-a-gmail.read"", ""delegation_path"": [""d-agent-a-external-c-gmail.read""], ""effect_id"": null, ""path_status"": ""residual"", ""principal_id"": ""external-c"", ""principal_path"": [""human"", ""agent-a"", ""external-c""], ""resource"": ""gmail"", ""scope"": ""gmail.read"", ""status"": null, ""type"": ""residual_capability""}, {""action"": null, ""authority_source_id"": null, ""delegation_path"": [], ""effect_id"": null, ""path_status"": null, ""principal_id"": ""agent-a"", ""principal_path"": [], ""resource"": ""gmail"", ""scope"": null, ""status"": ""off"", ""type"": ""target_permission""}]",1,3,0.3333333333333333,3,3,1.0,"[{""action"": ""read"", ""authority_source_id"": ""g-human-agent-a-gmail.read"", ""delegation_path"": [""d-agent-a-external-c-gmail.read"", ""d-external-c-agent-d-gmail.read""], ""effect_id"": null, ""path_status"": ""residual"", ""principal_id"": ""agent-d"", ""principal_path"": [""human"", ""agent-a"", ""external-c"", ""agent-d""], ""resource"": ""gmail"", ""scope"": ""gmail.read"", ""status"": null, ""type"": ""residual_capability""}, {""action"": ""read"", ""authority_source_id"": ""g-human-agent-a-gmail.read"", ""delegation_path"": [""d-agent-a-external-c-gmail.read""], ""effect_id"": null, ""path_status"": ""residual"", ""principal_id"": ""external-c"", ""principal_path"": [""human"", ""agent-a"", ""external-c""], ""resource"": ""gmail"", ""scope"": ""gmail.read"", ""status"": null, ""type"": ""residual_capability""}]",[]
S039_external_middle_confirmed_revoked_read,External Agent C is confirmed_revoked in the middle of a read path to Agent D.,AFTER_ACTION,True,ELIGIBLE_AFTER_ACTION,agent-a,Gmail,revoke,"[{""action"": ""read"", ""authority_source_id"": ""g-human-agent-a-gmail.read"", ""delegation_path"": [""d-agent-a-external-c-gmail.read"", ""d-external-c-agent-d-gmail.read""], ""effect_id"": null, ""path_status"": ""residual"", ""principal_id"": ""agent-d"", ""principal_path"": [""human"", ""agent-a"", ""external-c"", ""agent-d""], ""resource"": ""gmail"", ""scope"": ""gmail.read"", ""status"": null, ""type"": ""residual_capability""}, {""action"": null, ""authority_source_id"": null, ""delegation_path"": [], ""effect_id"": null, ""path_status"": null, ""principal_id"": ""agent-a"", ""principal_path"": [], ""resource"": ""gmail"", ""scope"": null, ""status"": ""off"", ""type"": ""target_permission""}]","[{""action"": null, ""authority_source_id"": null, ""delegation_path"": [], ""effect_id"": null, ""path_status"": null, ""principal_id"": ""agent-a"", ""principal_path"": [], ""resource"": ""gmail"", ""scope"": null, ""status"": ""off"", ""type"": ""target_permission""}]","[{""action"": ""read"", ""authority_source_id"": ""g-human-agent-a-gmail.read"", ""delegation_path"": [""d-agent-a-external-c-gmail.read"", ""d-external-c-agent-d-gmail.read""], ""effect_id"": null, ""path_status"": ""residual"", ""principal_id"": ""agent-d"", ""principal_path"": [""human"", ""agent-a"", ""external-c"", ""agent-d""], ""resource"": ""gmail"", ""scope"": ""gmail.read"", ""status"": null, ""type"": ""residual_capability""}, {""action"": null, ""authority_source_id"": null, ""delegation_path"": [], ""effect_id"": null, ""path_status"": null, ""principal_id"": ""agent-a"", ""principal_path"": [], ""resource"": ""gmail"", ""scope"": null, ""status"": ""off"", ""type"": ""target_permission""}]",1,2,0.5,2,2,1.0,"[{""action"": ""read"", ""authority_source_id"": ""g-human-agent-a-gmail.read"", ""delegation_path"": [""d-agent-a-external-c-gmail.read"", ""d-external-c-agent-d-gmail.read""], ""effect_id"": null, ""path_status"": ""residual"", ""principal_id"": ""agent-d"", ""principal_path"": [""human"", ""agent-a"", ""external-c"", ""agent-d""], ""resource"": ""gmail"", ""scope"": ""gmail.read"", ""status"": null, ""type"": ""residual_capability""}]",[]
S040_external_middle_unknown_read,External Agent C is unknown in the middle of a read path to Agent D.,AFTER_ACTION,True,ELIGIBLE_AFTER_ACTION,agent-a,Gmail,revoke,"[{""action"": null, ""authority_source_id"": null, ""delegation_path"": [], ""effect_id"": null, ""path_status"": null, ""principal_id"": ""agent-a"", ""principal_path"": [], ""resource"": ""gmail"", ""scope"": null, ""status"": ""off"", ""type"": ""target_permission""}, {""action"": ""read"", ""authority_source_id"": ""g-human-agent-a-gmail.read"", ""delegation_path"": [""d-agent-a-external-c-gmail.read"", ""d-external-c-agent-d-gmail.read""], ""effect_id"": null, ""path_status"": ""uncertain"", ""principal_id"": ""agent-d"", ""principal_path"": [""human"", ""agent-a"", ""external-c"", ""agent-d""], ""resource"": ""gmail"", ""scope"": ""gmail.read"", ""status"": null, ""type"": ""unknown_authority""}, {""action"": ""read"", ""authority_source_id"": ""g-human-agent-a-gmail.read"", ""delegation_path"": [""d-agent-a-external-c-gmail.read""], ""effect_id"": null, ""path_status"": ""uncertain"", ""principal_id"": ""external-c"", ""principal_path"": [""human"", ""agent-a"", ""external-c""], ""resource"": ""gmail"", ""scope"": ""gmail.read"", ""status"": null, ""type"": ""unknown_authority""}]","[{""action"": null, ""authority_source_id"": null, ""delegation_path"": [], ""effect_id"": null, ""path_status"": null, ""principal_id"": ""agent-a"", ""principal_path"": [], ""resource"": ""gmail"", ""scope"": null, ""status"": ""off"", ""type"": ""target_permission""}]","[{""action"": null, ""authority_source_id"": null, ""delegation_path"": [], ""effect_id"": null, ""path_status"": null, ""principal_id"": ""agent-a"", ""principal_path"": [], ""resource"": ""gmail"", ""scope"": null, ""status"": ""off"", ""type"": ""target_permission""}, {""action"": ""read"", ""authority_source_id"": ""g-human-agent-a-gmail.read"", ""delegation_path"": [""d-agent-a-external-c-gmail.read"", ""d-external-c-agent-d-gmail.read""], ""effect_id"": null, ""path_status"": ""uncertain"", ""principal_id"": ""agent-d"", ""principal_path"": [""human"", ""agent-a"", ""external-c"", ""agent-d""], ""resource"": ""gmail"", ""scope"": ""gmail.read"", ""status"": null, ""type"": ""unknown_authority""}, {""action"": ""read"", ""authority_source_id"": ""g-human-agent-a-gmail.read"", ""delegation_path"": [""d-agent-a-external-c-gmail.read""], ""effect_id"": null, ""path_status"": ""uncertain"", ""principal_id"": ""external-c"", ""principal_path"": [""human"", ""agent-a"", ""external-c""], ""resource"": ""gmail"", ""scope"": ""gmail.read"", ""status"": null, ""type"": ""unknown_authority""}]",1,3,0.3333333333333333,3,3,1.0,"[{""action"": ""read"", ""authority_source_id"": ""g-human-agent-a-gmail.read"", ""delegation_path"": [""d-agent-a-external-c-gmail.read"", ""d-external-c-agent-d-gmail.read""], ""effect_id"": null, ""path_status"": ""uncertain"", ""principal_id"": ""agent-d"", ""principal_path"": [""human"", ""agent-a"", ""external-c"", ""agent-d""], ""resource"": ""gmail"", ""scope"": ""gmail.read"", ""status"": null, ""type"": ""unknown_authority""}, {""action"": ""read"", ""authority_source_id"": ""g-human-agent-a-gmail.read"", ""delegation_path"": [""d-agent-a-external-c-gmail.read""], ""effect_id"": null, ""path_status"": ""uncertain"", ""principal_id"": ""external-c"", ""principal_path"": [""human"", ""agent-a"", ""external-c""], ""resource"": ""gmail"", ""scope"": ""gmail.read"", ""status"": null, ""type"": ""unknown_authority""}]",[]
